"name","npdId","year","gas","gasUom","water","waterUom","CO2","CO2Uom","cuttings","cuttingsUom"
"ALVHEIM",2845712,2008," ","Sm3",0,"Sm3"," ","Sm3"," ","Sm3"
"ALVHEIM",2845712,2009," ","Sm3",90468,"Sm3"," ","Sm3"," ","Sm3"
"ALVHEIM",2845712,2010," ","Sm3",999133,"Sm3"," ","Sm3"," ","Sm3"
"ALVHEIM",2845712,2011," ","Sm3",375838,"Sm3"," ","Sm3"," ","Sm3"
"ALVHEIM",2845712,2012," ","Sm3",0,"Sm3"," ","Sm3"," ","Sm3"
"ALVHEIM",2845712,2013," ","Sm3",1066411,"Sm3"," ","Sm3"," ","Sm3"
"ALVHEIM",2845712,2014," ","Sm3",3377301,"Sm3"," ","Sm3"," ","Sm3"
"ALVHEIM",2845712,2015," ","Sm3",2577641,"Sm3"," ","Sm3"," ","Sm3"
"ALVHEIM",2845712,2016," ","Sm3",3472317,"Sm3"," ","Sm3"," ","Sm3"
"ALVHEIM",2845712,2017," ","Sm3",4839730,"Sm3"," ","Sm3"," ","Sm3"
"ALVHEIM",2845712,2018," ","Sm3",4480458,"Sm3"," ","Sm3"," ","Sm3"
"ALVHEIM",2845712,2019," ","Sm3",4434940,"Sm3"," ","Sm3"," ","Sm3"
"ALVHEIM",2845712,2020," ","Sm3",6726865,"Sm3"," ","Sm3"," ","Sm3"
"ALVHEIM",2845712,2021," ","Sm3",6854153,"Sm3"," ","Sm3"," ","Sm3"
"ALVHEIM",2845712,2022," ","Sm3",7439878,"Sm3"," ","Sm3"," ","Sm3"
"ALVHEIM",2845712,2023," ","Sm3",6372546,"Sm3"," ","Sm3"," ","Sm3"
"ALVHEIM",2845712,2024," ","Sm3",491808,"Sm3"," ","Sm3"," ","Sm3"
"BALDER",43562,1999,27286570,"Sm3",9869,"Sm3"," ","Sm3"," ","Sm3"
"BALDER",43562,2000,103988987,"Sm3",1047019,"Sm3"," ","Sm3"," ","Sm3"
"BALDER",43562,2001,178529175,"Sm3",1158387,"Sm3"," ","Sm3"," ","Sm3"
"BALDER",43562,2002,196229058,"Sm3",1528211,"Sm3"," ","Sm3"," ","Sm3"
"BALDER",43562,2003,175689997,"Sm3",2111740,"Sm3"," ","Sm3"," ","Sm3"
"BALDER",43562,2004,87980753,"Sm3",3373866,"Sm3"," ","Sm3"," ","Sm3"
"BALDER",43562,2005,129543693,"Sm3",3426289,"Sm3"," ","Sm3"," ","Sm3"
"BALDER",43562,2006,88074337,"Sm3",3956781,"Sm3"," ","Sm3"," ","Sm3"
"BALDER",43562,2007,173592949,"Sm3",3165157,"Sm3"," ","Sm3"," ","Sm3"
"BALDER",43562,2008,149193309,"Sm3",2706371,"Sm3"," ","Sm3"," ","Sm3"
"BALDER",43562,2009,91106266,"Sm3",2591114,"Sm3"," ","Sm3"," ","Sm3"
"BALDER",43562,2010,1075578,"Sm3",3234100,"Sm3"," ","Sm3"," ","Sm3"
"BALDER",43562,2011,284525,"Sm3",3775544,"Sm3"," ","Sm3"," ","Sm3"
"BALDER",43562,2012,682323,"Sm3",3509586,"Sm3"," ","Sm3"," ","Sm3"
"BALDER",43562,2013,2331809,"Sm3",4040799,"Sm3"," ","Sm3"," ","Sm3"
"BALDER",43562,2014,181942,"Sm3",3683533,"Sm3"," ","Sm3"," ","Sm3"
"BALDER",43562,2015,14000,"Sm3",3749918,"Sm3"," ","Sm3"," ","Sm3"
"BALDER",43562,2016,579700,"Sm3",4245620,"Sm3"," ","Sm3"," ","Sm3"
"BALDER",43562,2017,1315500,"Sm3",4008658,"Sm3"," ","Sm3"," ","Sm3"
"BALDER",43562,2018,0,"Sm3",2974318,"Sm3"," ","Sm3"," ","Sm3"
"BALDER",43562,2019,7378117,"Sm3",3880625,"Sm3"," ","Sm3"," ","Sm3"
"BALDER",43562,2020,24531963,"Sm3",3256086,"Sm3"," ","Sm3"," ","Sm3"
"BALDER",43562,2021,20114356,"Sm3",3875338,"Sm3"," ","Sm3"," ","Sm3"
"BALDER",43562,2022,21591760,"Sm3",2736997,"Sm3"," ","Sm3"," ","Sm3"
"BALDER",43562,2023,17483799,"Sm3",3340049,"Sm3"," ","Sm3"," ","Sm3"
"BALDER",43562,2024,5612195,"Sm3",402442,"Sm3"," ","Sm3"," ","Sm3"
"BLANE",3437650,2007," ","Sm3",0,"Sm3"," ","Sm3"," ","Sm3"
"BLANE",3437650,2008," ","Sm3",52913,"Sm3"," ","Sm3"," ","Sm3"
"BLANE",3437650,2009," ","Sm3",263156,"Sm3"," ","Sm3"," ","Sm3"
"BLANE",3437650,2010," ","Sm3",290684,"Sm3"," ","Sm3"," ","Sm3"
"BLANE",3437650,2011," ","Sm3",353206,"Sm3"," ","Sm3"," ","Sm3"
"BLANE",3437650,2012," ","Sm3",279659,"Sm3"," ","Sm3"," ","Sm3"
"BLANE",3437650,2013," ","Sm3",282597,"Sm3"," ","Sm3"," ","Sm3"
"BLANE",3437650,2014," ","Sm3",365222,"Sm3"," ","Sm3"," ","Sm3"
"BLANE",3437650,2015," ","Sm3",248517,"Sm3"," ","Sm3"," ","Sm3"
"BLANE",3437650,2016," ","Sm3",227217,"Sm3"," ","Sm3"," ","Sm3"
"BLANE",3437650,2017," ","Sm3",0,"Sm3"," ","Sm3"," ","Sm3"
"BLANE",3437650,2018," ","Sm3",204995,"Sm3"," ","Sm3"," ","Sm3"
"BLANE",3437650,2019," ","Sm3",24986,"Sm3"," ","Sm3"," ","Sm3"
"BLANE",3437650,2020," ","Sm3",0,"Sm3"," ","Sm3"," ","Sm3"
"BLANE",3437650,2021," ","Sm3",0,"Sm3"," ","Sm3"," ","Sm3"
"BLANE",3437650,2022," ","Sm3",0,"Sm3"," ","Sm3"," ","Sm3"
"BLANE",3437650,2023," ","Sm3",0,"Sm3"," ","Sm3"," ","Sm3"
"BLANE",3437650,2024," ","Sm3",0,"Sm3"," ","Sm3"," ","Sm3"
"BRAGE",43651,2000,30916980,"Sm3",8590394,"Sm3"," ","Sm3"," ","Sm3"
"BRAGE",43651,2001,20957446,"Sm3",9083667,"Sm3"," ","Sm3"," ","Sm3"
"BRAGE",43651,2002,27061596,"Sm3",8702343,"Sm3"," ","Sm3"," ","Sm3"
"BRAGE",43651,2003,5128793,"Sm3",10512926,"Sm3"," ","Sm3"," ","Sm3"
"BRAGE",43651,2004,2904339,"Sm3",9346366,"Sm3"," ","Sm3"," ","Sm3"
"BRAGE",43651,2005,0,"Sm3",9885705,"Sm3"," ","Sm3"," ","Sm3"
"BRAGE",43651,2006,3751964,"Sm3",10271375,"Sm3"," ","Sm3"," ","Sm3"
"BRAGE",43651,2007,0,"Sm3",7224524,"Sm3"," ","Sm3"," ","Sm3"
"BRAGE",43651,2008,508345,"Sm3",5801329,"Sm3"," ","Sm3"," ","Sm3"
"BRAGE",43651,2009,91848950,"Sm3",7854169,"Sm3"," ","Sm3"," ","Sm3"
"BRAGE",43651,2010,133846343,"Sm3",7435770,"Sm3"," ","Sm3"," ","Sm3"
"BRAGE",43651,2011,125403559,"Sm3",6502916,"Sm3"," ","Sm3"," ","Sm3"
"BRAGE",43651,2012,91502599,"Sm3",6819488,"Sm3"," ","Sm3"," ","Sm3"
"BRAGE",43651,2013,42263335,"Sm3",6607103,"Sm3"," ","Sm3"," ","Sm3"
"BRAGE",43651,2014,4502618,"Sm3",6360809,"Sm3"," ","Sm3"," ","Sm3"
"BRAGE",43651,2015,4712225,"Sm3",8004060,"Sm3"," ","Sm3"," ","Sm3"
"BRAGE",43651,2016,24647613,"Sm3",6812317,"Sm3"," ","Sm3"," ","Sm3"
"BRAGE",43651,2017,81406638,"Sm3",6168354,"Sm3"," ","Sm3"," ","Sm3"
"BRAGE",43651,2018,44404670,"Sm3",8374277,"Sm3"," ","Sm3"," ","Sm3"
"BRAGE",43651,2019,905397,"Sm3",10988968,"Sm3"," ","Sm3"," ","Sm3"
"BRAGE",43651,2020,486997,"Sm3",7863038,"Sm3"," ","Sm3"," ","Sm3"
"BRAGE",43651,2021,629018,"Sm3",9219905,"Sm3"," ","Sm3"," ","Sm3"
"BRAGE",43651,2022,0,"Sm3",8603355,"Sm3"," ","Sm3"," ","Sm3"
"BRAGE",43651,2023,0,"Sm3",8250256,"Sm3"," ","Sm3"," ","Sm3"
"BRAGE",43651,2024,0,"Sm3",258572,"Sm3"," ","Sm3"," ","Sm3"
"BRYNHILD",21123063,2014," ","Sm3",0,"Sm3"," ","Sm3"," ","Sm3"
"BRYNHILD",21123063,2015," ","Sm3",1774,"Sm3"," ","Sm3"," ","Sm3"
"BRYNHILD",21123063,2016," ","Sm3",128343,"Sm3"," ","Sm3"," ","Sm3"
"BRYNHILD",21123063,2017," ","Sm3",173553,"Sm3"," ","Sm3"," ","Sm3"
"BRYNHILD",21123063,2018," ","Sm3",32477,"Sm3"," ","Sm3"," ","Sm3"
"BØYLA",22492497,2015," ","Sm3",640002,"Sm3"," ","Sm3"," ","Sm3"
"BØYLA",22492497,2016," ","Sm3",641108,"Sm3"," ","Sm3"," ","Sm3"
"BØYLA",22492497,2017," ","Sm3",672054,"Sm3"," ","Sm3"," ","Sm3"
"BØYLA",22492497,2018," ","Sm3",541943,"Sm3"," ","Sm3"," ","Sm3"
"BØYLA",22492497,2019," ","Sm3",166978,"Sm3"," ","Sm3"," ","Sm3"
"BØYLA",22492497,2020," ","Sm3",777,"Sm3"," ","Sm3"," ","Sm3"
"BØYLA",22492497,2021," ","Sm3",177795,"Sm3"," ","Sm3"," ","Sm3"
"BØYLA",22492497,2022," ","Sm3",784,"Sm3"," ","Sm3"," ","Sm3"
"BØYLA",22492497,2023," ","Sm3",178071,"Sm3"," ","Sm3"," ","Sm3"
"BØYLA",22492497,2024," ","Sm3",24524,"Sm3"," ","Sm3"," ","Sm3"
"DRAUGEN",43758,1993,150000,"Sm3",0,"Sm3"," ","Sm3"," ","Sm3"
"DRAUGEN",43758,1994,153673000,"Sm3",2645939,"Sm3"," ","Sm3"," ","Sm3"
"DRAUGEN",43758,1995,309979000,"Sm3",7139813,"Sm3"," ","Sm3"," ","Sm3"
"DRAUGEN",43758,1996,400518000,"Sm3",9349482,"Sm3"," ","Sm3"," ","Sm3"
"DRAUGEN",43758,1997,484194000,"Sm3",12509434,"Sm3"," ","Sm3"," ","Sm3"
"DRAUGEN",43758,1998,479128000,"Sm3",12066003,"Sm3"," ","Sm3"," ","Sm3"
"DRAUGEN",43758,2000,570807928,"Sm3",12385734,"Sm3"," ","Sm3"," ","Sm3"
"DRAUGEN",43758,2001,129603226,"Sm3",13548915,"Sm3"," ","Sm3"," ","Sm3"
"DRAUGEN",43758,2002,157426284,"Sm3",11041822,"Sm3"," ","Sm3"," ","Sm3"
"DRAUGEN",43758,2003,56474778,"Sm3",10508366,"Sm3"," ","Sm3"," ","Sm3"
"DRAUGEN",43758,2004,41041258,"Sm3",11601549,"Sm3"," ","Sm3"," ","Sm3"
"DRAUGEN",43758,2005,18630540,"Sm3",8358630,"Sm3"," ","Sm3"," ","Sm3"
"DRAUGEN",43758,2006,17484283,"Sm3",4432129,"Sm3"," ","Sm3"," ","Sm3"
"DRAUGEN",43758,2007,17953447,"Sm3",6757944,"Sm3"," ","Sm3"," ","Sm3"
"DRAUGEN",43758,2008,10129316,"Sm3",7138467,"Sm3"," ","Sm3"," ","Sm3"
"DRAUGEN",43758,2009,7340290,"Sm3",6954831,"Sm3"," ","Sm3"," ","Sm3"
"DRAUGEN",43758,2010,9233902,"Sm3",6723887,"Sm3"," ","Sm3"," ","Sm3"
"DRAUGEN",43758,2011,876164,"Sm3",5131843,"Sm3"," ","Sm3"," ","Sm3"
"DRAUGEN",43758,2012,0,"Sm3",5760798,"Sm3"," ","Sm3"," ","Sm3"
"DRAUGEN",43758,2013,0,"Sm3",4961806,"Sm3"," ","Sm3"," ","Sm3"
"DRAUGEN",43758,2014,0,"Sm3",4842626,"Sm3"," ","Sm3"," ","Sm3"
"DRAUGEN",43758,2015,0,"Sm3",6076329,"Sm3"," ","Sm3"," ","Sm3"
"DRAUGEN",43758,2016," ","Sm3",5003340,"Sm3"," ","Sm3"," ","Sm3"
"DRAUGEN",43758,2017," ","Sm3",6380298,"Sm3"," ","Sm3"," ","Sm3"
"DRAUGEN",43758,2018," ","Sm3",5495619,"Sm3"," ","Sm3"," ","Sm3"
"DRAUGEN",43758,2019," ","Sm3",5396388,"Sm3"," ","Sm3"," ","Sm3"
"DRAUGEN",43758,2020," ","Sm3",5503522,"Sm3"," ","Sm3"," ","Sm3"
"DRAUGEN",43758,2021," ","Sm3",5822375,"Sm3"," ","Sm3"," ","Sm3"
"DRAUGEN",43758,2022," ","Sm3",6703613,"Sm3"," ","Sm3"," ","Sm3"
"DRAUGEN",43758,2023," ","Sm3",5211954,"Sm3"," ","Sm3"," ","Sm3"
"DRAUGEN",43758,2024," ","Sm3",372995,"Sm3"," ","Sm3"," ","Sm3"
"EDVARD GRIEG",21675433,2015,0,"Sm3",0,"Sm3"," ","Sm3"," ","Sm3"
"EDVARD GRIEG",21675433,2016,8025583,"Sm3",1688829,"Sm3"," ","Sm3"," ","Sm3"
"EDVARD GRIEG",21675433,2017,13278888,"Sm3",5833049,"Sm3"," ","Sm3"," ","Sm3"
"EDVARD GRIEG",21675433,2018,18146168,"Sm3",6295454,"Sm3"," ","Sm3"," ","Sm3"
"EDVARD GRIEG",21675433,2019,14589507,"Sm3",6323683,"Sm3"," ","Sm3"," ","Sm3"
"EDVARD GRIEG",21675433,2020,12046599,"Sm3",6538860,"Sm3"," ","Sm3"," ","Sm3"
"EDVARD GRIEG",21675433,2021,54551702,"Sm3",7463146,"Sm3"," ","Sm3"," ","Sm3"
"EDVARD GRIEG",21675433,2022,32978944,"Sm3",7108460,"Sm3"," ","Sm3"," ","Sm3"
"EDVARD GRIEG",21675433,2023,1795425,"Sm3",7435154,"Sm3"," ","Sm3"," ","Sm3"
"EDVARD GRIEG",21675433,2024,0,"Sm3",633951,"Sm3"," ","Sm3"," ","Sm3"
"EKOFISK",43506,2000,0,"Sm3",33970112,"Sm3"," ","Sm3"," ","Sm3"
"EKOFISK",43506,2001,0,"Sm3",32650677,"Sm3"," ","Sm3"," ","Sm3"
"EKOFISK",43506,2002,0,"Sm3",33833199,"Sm3"," ","Sm3"," ","Sm3"
"EKOFISK",43506,2003,0,"Sm3",30052162,"Sm3"," ","Sm3"," ","Sm3"
"EKOFISK",43506,2004,0,"Sm3",27523594,"Sm3"," ","Sm3"," ","Sm3"
"EKOFISK",43506,2005,0,"Sm3",27482873,"Sm3"," ","Sm3"," ","Sm3"
"EKOFISK",43506,2006,0,"Sm3",25162451,"Sm3"," ","Sm3"," ","Sm3"
"EKOFISK",43506,2007,0,"Sm3",23887470,"Sm3"," ","Sm3"," ","Sm3"
"EKOFISK",43506,2008,0,"Sm3",26411202,"Sm3"," ","Sm3"," ","Sm3"
"EKOFISK",43506,2009," ","Sm3",25412343,"Sm3"," ","Sm3"," ","Sm3"
"EKOFISK",43506,2010," ","Sm3",25180229,"Sm3"," ","Sm3"," ","Sm3"
"EKOFISK",43506,2011," ","Sm3",25194307,"Sm3"," ","Sm3"," ","Sm3"
"EKOFISK",43506,2012," ","Sm3",24167838,"Sm3"," ","Sm3"," ","Sm3"
"EKOFISK",43506,2013," ","Sm3",18632461,"Sm3"," ","Sm3"," ","Sm3"
"EKOFISK",43506,2014," ","Sm3",22494650,"Sm3"," ","Sm3"," ","Sm3"
"EKOFISK",43506,2015," ","Sm3",23269295,"Sm3"," ","Sm3"," ","Sm3"
"EKOFISK",43506,2016," ","Sm3",20235253,"Sm3"," ","Sm3"," ","Sm3"
"EKOFISK",43506,2017," ","Sm3",21671062,"Sm3"," ","Sm3"," ","Sm3"
"EKOFISK",43506,2018," ","Sm3",21720450,"Sm3"," ","Sm3"," ","Sm3"
"EKOFISK",43506,2019," ","Sm3",21185198,"Sm3"," ","Sm3"," ","Sm3"
"EKOFISK",43506,2020," ","Sm3",23619791,"Sm3"," ","Sm3"," ","Sm3"
"EKOFISK",43506,2021," ","Sm3",22298984,"Sm3"," ","Sm3"," ","Sm3"
"EKOFISK",43506,2022," ","Sm3",18751838,"Sm3"," ","Sm3"," ","Sm3"
"EKOFISK",43506,2023," ","Sm3",18491227,"Sm3"," ","Sm3"," ","Sm3"
"EKOFISK",43506,2024," ","Sm3",1503444,"Sm3"," ","Sm3"," ","Sm3"
"ELDFISK",43527,2000," ","Sm3",6114879,"Sm3"," ","Sm3"," ","Sm3"
"ELDFISK",43527,2001," ","Sm3",11845492,"Sm3"," ","Sm3"," ","Sm3"
"ELDFISK",43527,2002,239080563,"Sm3",15574221,"Sm3"," ","Sm3"," ","Sm3"
"ELDFISK",43527,2003,193157356,"Sm3",12192204,"Sm3"," ","Sm3"," ","Sm3"
"ELDFISK",43527,2004,62030167,"Sm3",10360071,"Sm3"," ","Sm3"," ","Sm3"
"ELDFISK",43527,2005,24409708,"Sm3",9655855,"Sm3"," ","Sm3"," ","Sm3"
"ELDFISK",43527,2006,49592200,"Sm3",7715877,"Sm3"," ","Sm3"," ","Sm3"
"ELDFISK",43527,2007,31922499,"Sm3",6073207,"Sm3"," ","Sm3"," ","Sm3"
"ELDFISK",43527,2008,43129911,"Sm3",7675694,"Sm3"," ","Sm3"," ","Sm3"
"ELDFISK",43527,2009,66551620,"Sm3",7593596,"Sm3"," ","Sm3"," ","Sm3"
"ELDFISK",43527,2010,28001398,"Sm3",8093175,"Sm3"," ","Sm3"," ","Sm3"
"ELDFISK",43527,2011,37821859,"Sm3",9457175,"Sm3"," ","Sm3"," ","Sm3"
"ELDFISK",43527,2012,58395854,"Sm3",6145474,"Sm3"," ","Sm3"," ","Sm3"
"ELDFISK",43527,2013,38660522,"Sm3",4311439,"Sm3"," ","Sm3"," ","Sm3"
"ELDFISK",43527,2014,17328650,"Sm3",4774485,"Sm3"," ","Sm3"," ","Sm3"
"ELDFISK",43527,2015,12765901,"Sm3",5992671,"Sm3"," ","Sm3"," ","Sm3"
"ELDFISK",43527,2016,15387244,"Sm3",5105927,"Sm3"," ","Sm3"," ","Sm3"
"ELDFISK",43527,2017,7229772,"Sm3",6506086,"Sm3"," ","Sm3"," ","Sm3"
"ELDFISK",43527,2018,14014050,"Sm3",8653205,"Sm3"," ","Sm3"," ","Sm3"
"ELDFISK",43527,2019,11123992,"Sm3",7177142,"Sm3"," ","Sm3"," ","Sm3"
"ELDFISK",43527,2020,4907050,"Sm3",7100718,"Sm3"," ","Sm3"," ","Sm3"
"ELDFISK",43527,2021,6290899,"Sm3",6986622,"Sm3"," ","Sm3"," ","Sm3"
"ELDFISK",43527,2022,4300538,"Sm3",6830782,"Sm3"," ","Sm3"," ","Sm3"
"ELDFISK",43527,2023,6486897,"Sm3",6979787,"Sm3"," ","Sm3"," ","Sm3"
"ELDFISK",43527,2024,34151,"Sm3",582717,"Sm3"," ","Sm3"," ","Sm3"
"ENOCH",3437659,2007,0,"Sm3",0,"Sm3"," ","Sm3"," ","Sm3"
"ENOCH",3437659,2008,0,"Sm3",0,"Sm3"," ","Sm3"," ","Sm3"
"ENOCH",3437659,2009,0,"Sm3",0,"Sm3"," ","Sm3"," ","Sm3"
"ENOCH",3437659,2010,0,"Sm3",0,"Sm3"," ","Sm3"," ","Sm3"
"ENOCH",3437659,2011,0,"Sm3",0,"Sm3"," ","Sm3"," ","Sm3"
"ENOCH",3437659,2012,0,"Sm3",0,"Sm3"," ","Sm3"," ","Sm3"
"ENOCH",3437659,2013,0,"Sm3",0,"Sm3"," ","Sm3"," ","Sm3"
"ENOCH",3437659,2014,0,"Sm3",0,"Sm3"," ","Sm3"," ","Sm3"
"ENOCH",3437659,2015,0,"Sm3",0,"Sm3"," ","Sm3"," ","Sm3"
"ENOCH",3437659,2016,0,"Sm3",0,"Sm3"," ","Sm3"," ","Sm3"
"ENOCH",3437659,2017,0,"Sm3",0,"Sm3"," ","Sm3"," ","Sm3"
"ENOCH",3437659,2018,0,"Sm3",0,"Sm3"," ","Sm3"," ","Sm3"
"ENOCH",3437659,2019,0,"Sm3",0,"Sm3"," ","Sm3"," ","Sm3"
"ENOCH",3437659,2020,0,"Sm3",0,"Sm3"," ","Sm3"," ","Sm3"
"ENOCH",3437659,2021,0,"Sm3",0,"Sm3"," ","Sm3"," ","Sm3"
"ENOCH",3437659,2022,0,"Sm3",0,"Sm3"," ","Sm3"," ","Sm3"
"ENOCH",3437659,2023,0,"Sm3",0,"Sm3"," ","Sm3"," ","Sm3"
"FENJA",31164879,2023," ","Sm3",690240,"Sm3"," ","Sm3"," ","Sm3"
"FENJA",31164879,2024," ","Sm3",146539,"Sm3"," ","Sm3"," ","Sm3"
"FRAM",1578840,2003,73615480,"Sm3"," ","Sm3"," ","Sm3"," ","Sm3"
"FRAM",1578840,2004,583749146,"Sm3"," ","Sm3"," ","Sm3"," ","Sm3"
"FRAM",1578840,2005,689984788,"Sm3"," ","Sm3"," ","Sm3"," ","Sm3"
"FRAM",1578840,2006,624539781,"Sm3",0,"Sm3"," ","Sm3"," ","Sm3"
"FRAM",1578840,2007,1027696748,"Sm3",0,"Sm3"," ","Sm3"," ","Sm3"
"FRAM",1578840,2008,737432210,"Sm3",77548,"Sm3"," ","Sm3"," ","Sm3"
"FRAM",1578840,2009,530731345,"Sm3",1962331,"Sm3"," ","Sm3"," ","Sm3"
"FRAM",1578840,2010,171061102,"Sm3",1967517,"Sm3"," ","Sm3"," ","Sm3"
"FRAM",1578840,2011,147086155,"Sm3",1828457,"Sm3"," ","Sm3"," ","Sm3"
"FRAM",1578840,2012,34504621,"Sm3",1977170,"Sm3"," ","Sm3"," ","Sm3"
"FRAM",1578840,2013,23400652,"Sm3",2156035,"Sm3"," ","Sm3"," ","Sm3"
"FRAM",1578840,2014,53926461,"Sm3",1834556,"Sm3"," ","Sm3"," ","Sm3"
"FRAM",1578840,2015,110077423,"Sm3",1248319,"Sm3"," ","Sm3"," ","Sm3"
"FRAM",1578840,2016,80286313,"Sm3",959996,"Sm3"," ","Sm3"," ","Sm3"
"FRAM",1578840,2017,16665021,"Sm3",1197002,"Sm3"," ","Sm3"," ","Sm3"
"FRAM",1578840,2018,4676957,"Sm3",964787,"Sm3"," ","Sm3"," ","Sm3"
"FRAM",1578840,2019,42883245,"Sm3",1049852,"Sm3"," ","Sm3"," ","Sm3"
"FRAM",1578840,2020,17115577,"Sm3",991308,"Sm3"," ","Sm3"," ","Sm3"
"FRAM",1578840,2021,6060188,"Sm3",267397,"Sm3"," ","Sm3"," ","Sm3"
"FRAM",1578840,2022,5989650,"Sm3",298813,"Sm3"," ","Sm3"," ","Sm3"
"FRAM",1578840,2023,5537173,"Sm3",318078,"Sm3"," ","Sm3"," ","Sm3"
"FRAM",1578840,2024,355877,"Sm3",1362,"Sm3"," ","Sm3"," ","Sm3"
"FRØY"," ",2000," ","Sm3",134886,"Sm3"," ","Sm3"," ","Sm3"
"FRØY"," ",2001," ","Sm3",0,"Sm3"," ","Sm3"," ","Sm3"
"GIMLE",4005142,2007,0,"Sm3",260307,"Sm3"," ","Sm3"," ","Sm3"
"GIMLE",4005142,2008,0,"Sm3",1584340,"Sm3"," ","Sm3"," ","Sm3"
"GIMLE",4005142,2009,0,"Sm3",1467577,"Sm3"," ","Sm3"," ","Sm3"
"GIMLE",4005142,2010,0,"Sm3",1521531,"Sm3"," ","Sm3"," ","Sm3"
"GIMLE",4005142,2011,0,"Sm3",1886106,"Sm3"," ","Sm3"," ","Sm3"
"GIMLE",4005142,2012,0,"Sm3",1710464,"Sm3"," ","Sm3"," ","Sm3"
"GIMLE",4005142,2013,0,"Sm3",1899847,"Sm3"," ","Sm3"," ","Sm3"
"GIMLE",4005142,2014,0,"Sm3",2075081,"Sm3"," ","Sm3"," ","Sm3"
"GIMLE",4005142,2015,0,"Sm3",1940612,"Sm3"," ","Sm3"," ","Sm3"
"GIMLE",4005142,2016," ","Sm3",1607830,"Sm3"," ","Sm3"," ","Sm3"
"GIMLE",4005142,2017," ","Sm3",1357427,"Sm3"," ","Sm3"," ","Sm3"
"GIMLE",4005142,2018," ","Sm3",49328,"Sm3"," ","Sm3"," ","Sm3"
"GIMLE",4005142,2019," ","Sm3",20114,"Sm3"," ","Sm3"," ","Sm3"
"GIMLE",4005142,2020," ","Sm3",2639,"Sm3"," ","Sm3"," ","Sm3"
"GIMLE",4005142,2021," ","Sm3",84,"Sm3"," ","Sm3"," ","Sm3"
"GIMLE",4005142,2022," ","Sm3",0,"Sm3"," ","Sm3"," ","Sm3"
"GIMLE",4005142,2023," ","Sm3",0,"Sm3"," ","Sm3"," ","Sm3"
"GIMLE",4005142,2024," ","Sm3",0,"Sm3"," ","Sm3"," ","Sm3"
"GINA KROG",23384544,2017,6072079,"Sm3"," ","Sm3"," ","Sm3"," ","Sm3"
"GINA KROG",23384544,2018,1112847516,"Sm3"," ","Sm3"," ","Sm3"," ","Sm3"
"GINA KROG",23384544,2019,1919300837,"Sm3"," ","Sm3"," ","Sm3"," ","Sm3"
"GINA KROG",23384544,2020,2596762640,"Sm3"," ","Sm3"," ","Sm3"," ","Sm3"
"GINA KROG",23384544,2021,1937351884,"Sm3"," ","Sm3"," ","Sm3"," ","Sm3"
"GINA KROG",23384544,2022,41693,"Sm3"," ","Sm3"," ","Sm3"," ","Sm3"
"GINA KROG",23384544,2023,0,"Sm3"," ","Sm3"," ","Sm3"," ","Sm3"
"GINA KROG",23384544,2024,0,"Sm3"," ","Sm3"," ","Sm3"," ","Sm3"
"GLITNE"," ",2001,17929777,"Sm3",180688,"Sm3"," ","Sm3"," ","Sm3"
"GLITNE"," ",2002,75034759,"Sm3",1964029,"Sm3"," ","Sm3"," ","Sm3"
"GLITNE"," ",2003,57024874,"Sm3",946035,"Sm3"," ","Sm3"," ","Sm3"
"GLITNE"," ",2004,23798173,"Sm3",984963,"Sm3"," ","Sm3"," ","Sm3"
"GLITNE"," ",2005,15350034,"Sm3",1645267,"Sm3"," ","Sm3"," ","Sm3"
"GLITNE"," ",2006,7463236,"Sm3",1968943,"Sm3"," ","Sm3"," ","Sm3"
"GLITNE"," ",2007,4828450,"Sm3",1429937,"Sm3"," ","Sm3"," ","Sm3"
"GLITNE"," ",2008,6222490,"Sm3",1970075,"Sm3"," ","Sm3"," ","Sm3"
"GLITNE"," ",2009,4015685,"Sm3",716970,"Sm3"," ","Sm3"," ","Sm3"
"GLITNE"," ",2010,5099550,"Sm3",0,"Sm3"," ","Sm3"," ","Sm3"
"GLITNE"," ",2011,3719321,"Sm3",0,"Sm3"," ","Sm3"," ","Sm3"
"GLITNE"," ",2012,1372760,"Sm3",0,"Sm3"," ","Sm3"," ","Sm3"
"GLITNE"," ",2013,0,"Sm3",0,"Sm3"," ","Sm3"," ","Sm3"
"GOLIAT",5774394,2016,471977040,"Sm3",881787,"Sm3"," ","Sm3"," ","Sm3"
"GOLIAT",5774394,2017,437895678,"Sm3",2572480,"Sm3"," ","Sm3"," ","Sm3"
"GOLIAT",5774394,2018,930238007,"Sm3",4295729,"Sm3"," ","Sm3"," ","Sm3"
"GOLIAT",5774394,2019,800364838,"Sm3",3738979,"Sm3"," ","Sm3"," ","Sm3"
"GOLIAT",5774394,2020,1160358469,"Sm3",4459164,"Sm3"," ","Sm3"," ","Sm3"
"GOLIAT",5774394,2021,1063955499,"Sm3",3990640,"Sm3"," ","Sm3"," ","Sm3"
"GOLIAT",5774394,2022,1249277765,"Sm3",3439876,"Sm3"," ","Sm3"," ","Sm3"
"GOLIAT",5774394,2023,1315364564,"Sm3",2241373,"Sm3"," ","Sm3"," ","Sm3"
"GOLIAT",5774394,2024,112141252,"Sm3",171452,"Sm3"," ","Sm3"," ","Sm3"
"GRANE",1035937,2003,161977877,"Sm3",126309,"Sm3"," ","Sm3"," ","Sm3"
"GRANE",1035937,2004,1841267414,"Sm3",2723363,"Sm3"," ","Sm3",22796,"Sm3"
"GRANE",1035937,2005,2503452275,"Sm3",4297472,"Sm3"," ","Sm3",37489,"Sm3"
"GRANE",1035937,2006,3080381147,"Sm3",4456431,"Sm3"," ","Sm3",38831,"Sm3"
"GRANE",1035937,2007,3040980618,"Sm3",3220745,"Sm3"," ","Sm3",28332,"Sm3"
"GRANE",1035937,2008,2865535352,"Sm3",2988917,"Sm3"," ","Sm3",18589,"Sm3"
"GRANE",1035937,2009,3344833698,"Sm3",2648553,"Sm3"," ","Sm3",30951,"Sm3"
"GRANE",1035937,2010,3013045038,"Sm3",1614795,"Sm3"," ","Sm3",11948,"Sm3"
"GRANE",1035937,2011,1602186733,"Sm3",2542578,"Sm3"," ","Sm3",0,"Sm3"
"GRANE",1035937,2012,1781222994,"Sm3",3492714,"Sm3"," ","Sm3",1071,"Sm3"
"GRANE",1035937,2013,2033416970,"Sm3",4527360,"Sm3"," ","Sm3",23757,"Sm3"
"GRANE",1035937,2014,2635046321,"Sm3",4083750,"Sm3"," ","Sm3",12136,"Sm3"
"GRANE",1035937,2015,3148087747,"Sm3",3778256,"Sm3"," ","Sm3",17827,"Sm3"
"GRANE",1035937,2016,3196852949,"Sm3",3122132,"Sm3"," ","Sm3",5561,"Sm3"
"GRANE",1035937,2017,3060423443,"Sm3",3026988,"Sm3"," ","Sm3",4762,"Sm3"
"GRANE",1035937,2018,3004585426,"Sm3",2979488,"Sm3"," ","Sm3",2876,"Sm3"
"GRANE",1035937,2019,3420424385,"Sm3",3044813,"Sm3"," ","Sm3",4030,"Sm3"
"GRANE",1035937,2020,3424008928,"Sm3",3120608,"Sm3"," ","Sm3",2266,"Sm3"
"GRANE",1035937,2021,2986994041,"Sm3",3013322,"Sm3"," ","Sm3",2245,"Sm3"
"GRANE",1035937,2022,2004945858,"Sm3",2235044,"Sm3"," ","Sm3",1603,"Sm3"
"GRANE",1035937,2023,2534602992,"Sm3",2770666,"Sm3"," ","Sm3",374,"Sm3"
"GRANE",1035937,2024,203059572,"Sm3",265773,"Sm3"," ","Sm3",110,"Sm3"
"GULLFAKS",43686,2000,1688808800,"Sm3",41040978,"Sm3"," ","Sm3"," ","Sm3"
"GULLFAKS",43686,2001,943624000,"Sm3",44764776,"Sm3"," ","Sm3"," ","Sm3"
"GULLFAKS",43686,2002,685343000,"Sm3",41089329,"Sm3"," ","Sm3"," ","Sm3"
"GULLFAKS",43686,2003,648874000,"Sm3",40080611,"Sm3"," ","Sm3"," ","Sm3"
"GULLFAKS",43686,2004,1258602800,"Sm3",40822481,"Sm3"," ","Sm3"," ","Sm3"
"GULLFAKS",43686,2005,915379981,"Sm3",31650002,"Sm3"," ","Sm3"," ","Sm3"
"GULLFAKS",43686,2006,614893500,"Sm3",34997768,"Sm3"," ","Sm3"," ","Sm3"
"GULLFAKS",43686,2007,801201400,"Sm3",31619792,"Sm3"," ","Sm3"," ","Sm3"
"GULLFAKS",43686,2008,639537743,"Sm3",35269213,"Sm3"," ","Sm3"," ","Sm3"
"GULLFAKS",43686,2009,712597900,"Sm3",32212304,"Sm3"," ","Sm3"," ","Sm3"
"GULLFAKS",43686,2010,786369800,"Sm3",24440957,"Sm3"," ","Sm3"," ","Sm3"
"GULLFAKS",43686,2011,267205100,"Sm3",12529748,"Sm3"," ","Sm3"," ","Sm3"
"GULLFAKS",43686,2012,234372229,"Sm3",15612794,"Sm3"," ","Sm3"," ","Sm3"
"GULLFAKS",43686,2013,793522532,"Sm3",16778508,"Sm3"," ","Sm3"," ","Sm3"
"GULLFAKS",43686,2014,882796321,"Sm3",17067194,"Sm3"," ","Sm3"," ","Sm3"
"GULLFAKS",43686,2015,1016719198,"Sm3",20977699,"Sm3"," ","Sm3"," ","Sm3"
"GULLFAKS",43686,2016,1227888720,"Sm3",21935129,"Sm3"," ","Sm3"," ","Sm3"
"GULLFAKS",43686,2017,1433964170,"Sm3",22105297,"Sm3"," ","Sm3"," ","Sm3"
"GULLFAKS",43686,2018,1385681082,"Sm3",20291079,"Sm3"," ","Sm3"," ","Sm3"
"GULLFAKS",43686,2019,1623681394,"Sm3",21788306,"Sm3"," ","Sm3"," ","Sm3"
"GULLFAKS",43686,2020,1059593376,"Sm3",20903651,"Sm3"," ","Sm3"," ","Sm3"
"GULLFAKS",43686,2021,921510907,"Sm3",23762924,"Sm3"," ","Sm3"," ","Sm3"
"GULLFAKS",43686,2022,178708643,"Sm3",18730655,"Sm3"," ","Sm3"," ","Sm3"
"GULLFAKS",43686,2023,249308769,"Sm3",16304386,"Sm3"," ","Sm3"," ","Sm3"
"GULLFAKS",43686,2024,26720522,"Sm3",1545487,"Sm3"," ","Sm3"," ","Sm3"
"GULLFAKS SØR",43699,2000,968325000,"Sm3",0,"Sm3"," ","Sm3"," ","Sm3"
"GULLFAKS SØR",43699,2001,2336583800,"Sm3",0,"Sm3"," ","Sm3"," ","Sm3"
"GULLFAKS SØR",43699,2002,2540431500,"Sm3",0,"Sm3"," ","Sm3"," ","Sm3"
"GULLFAKS SØR",43699,2003,2270964300,"Sm3",0,"Sm3"," ","Sm3"," ","Sm3"
"GULLFAKS SØR",43699,2004,3308569700,"Sm3",0,"Sm3"," ","Sm3"," ","Sm3"
"GULLFAKS SØR",43699,2005,3603136300,"Sm3",0,"Sm3"," ","Sm3"," ","Sm3"
"GULLFAKS SØR",43699,2006,3152124300,"Sm3",0,"Sm3"," ","Sm3"," ","Sm3"
"GULLFAKS SØR",43699,2007,4044919000,"Sm3",0,"Sm3"," ","Sm3"," ","Sm3"
"GULLFAKS SØR",43699,2008,3177878602,"Sm3",0,"Sm3"," ","Sm3"," ","Sm3"
"GULLFAKS SØR",43699,2009,3703068800,"Sm3",0,"Sm3"," ","Sm3"," ","Sm3"
"GULLFAKS SØR",43699,2010,2804425900,"Sm3",0,"Sm3"," ","Sm3"," ","Sm3"
"GULLFAKS SØR",43699,2011,2826741792,"Sm3",0,"Sm3"," ","Sm3"," ","Sm3"
"GULLFAKS SØR",43699,2012,3773069809,"Sm3",0,"Sm3"," ","Sm3"," ","Sm3"
"GULLFAKS SØR",43699,2013,4431390660,"Sm3",0,"Sm3"," ","Sm3"," ","Sm3"
"GULLFAKS SØR",43699,2014,4360986986,"Sm3",0,"Sm3"," ","Sm3"," ","Sm3"
"GULLFAKS SØR",43699,2015,3170266533,"Sm3",0,"Sm3"," ","Sm3"," ","Sm3"
"GULLFAKS SØR",43699,2016,2274962025,"Sm3"," ","Sm3"," ","Sm3"," ","Sm3"
"GULLFAKS SØR",43699,2017,2332553864,"Sm3"," ","Sm3"," ","Sm3"," ","Sm3"
"GULLFAKS SØR",43699,2018,2275449757,"Sm3"," ","Sm3"," ","Sm3"," ","Sm3"
"GULLFAKS SØR",43699,2019,1549995061,"Sm3"," ","Sm3"," ","Sm3"," ","Sm3"
"GULLFAKS SØR",43699,2020,888235893,"Sm3"," ","Sm3"," ","Sm3"," ","Sm3"
"GULLFAKS SØR",43699,2021,856119882,"Sm3"," ","Sm3"," ","Sm3"," ","Sm3"
"GULLFAKS SØR",43699,2022,192013125,"Sm3"," ","Sm3"," ","Sm3"," ","Sm3"
"GULLFAKS SØR",43699,2023,334986265,"Sm3"," ","Sm3"," ","Sm3"," ","Sm3"
"GULLFAKS SØR",43699,2024,27287942,"Sm3"," ","Sm3"," ","Sm3"," ","Sm3"
"GYDA",43492,1999," ","Sm3",31318,"Sm3"," ","Sm3"," ","Sm3"
"GYDA",43492,2000," ","Sm3",3413740,"Sm3"," ","Sm3"," ","Sm3"
"GYDA",43492,2001," ","Sm3",3468975,"Sm3"," ","Sm3"," ","Sm3"
"GYDA",43492,2002," ","Sm3",3194132,"Sm3"," ","Sm3"," ","Sm3"
"GYDA",43492,2003," ","Sm3",3191044,"Sm3"," ","Sm3"," ","Sm3"
"GYDA",43492,2004," ","Sm3",3684590,"Sm3"," ","Sm3"," ","Sm3"
"GYDA",43492,2005," ","Sm3",2403860,"Sm3"," ","Sm3"," ","Sm3"
"GYDA",43492,2006," ","Sm3",1968664,"Sm3"," ","Sm3"," ","Sm3"
"GYDA",43492,2007," ","Sm3",1747082,"Sm3"," ","Sm3"," ","Sm3"
"GYDA",43492,2008," ","Sm3",1539243,"Sm3"," ","Sm3"," ","Sm3"
"GYDA",43492,2009," ","Sm3",1594612,"Sm3"," ","Sm3"," ","Sm3"
"GYDA",43492,2010," ","Sm3",1162297,"Sm3"," ","Sm3"," ","Sm3"
"GYDA",43492,2011," ","Sm3",612865,"Sm3"," ","Sm3"," ","Sm3"
"GYDA",43492,2012," ","Sm3",560289,"Sm3"," ","Sm3"," ","Sm3"
"GYDA",43492,2013," ","Sm3",904474,"Sm3"," ","Sm3"," ","Sm3"
"GYDA",43492,2014," ","Sm3",1655339,"Sm3"," ","Sm3"," ","Sm3"
"GYDA",43492,2015," ","Sm3",219552,"Sm3"," ","Sm3"," ","Sm3"
"GYDA",43492,2016," ","Sm3",2,"Sm3"," ","Sm3"," ","Sm3"
"GYDA",43492,2017," ","Sm3",3,"Sm3"," ","Sm3"," ","Sm3"
"GYDA",43492,2018," ","Sm3",12,"Sm3"," ","Sm3"," ","Sm3"
"GYDA",43492,2019," ","Sm3",9,"Sm3"," ","Sm3"," ","Sm3"
"GYDA",43492,2020," ","Sm3",0,"Sm3"," ","Sm3"," ","Sm3"
"HEIDRUN",43771,1995,48664000,"Sm3",982703,"Sm3"," ","Sm3"," ","Sm3"
"HEIDRUN",43771,1996,1266592000,"Sm3",12393300,"Sm3"," ","Sm3"," ","Sm3"
"HEIDRUN",43771,1997,1448465000,"Sm3",16169842,"Sm3"," ","Sm3"," ","Sm3"
"HEIDRUN",43771,1998,1269544000,"Sm3",12353804,"Sm3"," ","Sm3"," ","Sm3"
"HEIDRUN",43771,1999,1352098275,"Sm3",9557423,"Sm3"," ","Sm3"," ","Sm3"
"HEIDRUN",43771,2000,1317811490,"Sm3",7390476,"Sm3"," ","Sm3"," ","Sm3"
"HEIDRUN",43771,2001,513038874,"Sm3",10756818,"Sm3"," ","Sm3"," ","Sm3"
"HEIDRUN",43771,2002,719964851,"Sm3",10342519,"Sm3"," ","Sm3"," ","Sm3"
"HEIDRUN",43771,2003,595968277,"Sm3",12546461,"Sm3"," ","Sm3"," ","Sm3"
"HEIDRUN",43771,2004,575379189,"Sm3",13709810,"Sm3"," ","Sm3"," ","Sm3"
"HEIDRUN",43771,2005,585066054,"Sm3",14083618,"Sm3"," ","Sm3"," ","Sm3"
"HEIDRUN",43771,2006,671471130,"Sm3",12173927,"Sm3"," ","Sm3"," ","Sm3"
"HEIDRUN",43771,2007,782530164,"Sm3",11050464,"Sm3"," ","Sm3"," ","Sm3"
"HEIDRUN",43771,2008,851795396,"Sm3",12149199,"Sm3"," ","Sm3"," ","Sm3"
"HEIDRUN",43771,2009,961704941,"Sm3",14383550,"Sm3"," ","Sm3"," ","Sm3"
"HEIDRUN",43771,2010,763627436,"Sm3",10025136,"Sm3"," ","Sm3"," ","Sm3"
"HEIDRUN",43771,2011,1134614337,"Sm3",11211808,"Sm3"," ","Sm3"," ","Sm3"
"HEIDRUN",43771,2012,1092816472,"Sm3",9178372,"Sm3"," ","Sm3"," ","Sm3"
"HEIDRUN",43771,2013,1135455847,"Sm3",8597621,"Sm3"," ","Sm3"," ","Sm3"
"HEIDRUN",43771,2014,1088578301,"Sm3",8011221,"Sm3"," ","Sm3"," ","Sm3"
"HEIDRUN",43771,2015,1202115529,"Sm3",8345993,"Sm3"," ","Sm3"," ","Sm3"
"HEIDRUN",43771,2016,1119017453,"Sm3",8652605,"Sm3"," ","Sm3"," ","Sm3"
"HEIDRUN",43771,2017,499515844,"Sm3",7639576,"Sm3"," ","Sm3"," ","Sm3"
"HEIDRUN",43771,2018,399573488,"Sm3",7523363,"Sm3"," ","Sm3"," ","Sm3"
"HEIDRUN",43771,2019,591001745,"Sm3",7953878,"Sm3"," ","Sm3"," ","Sm3"
"HEIDRUN",43771,2020,371233240,"Sm3",6564110,"Sm3"," ","Sm3"," ","Sm3"
"HEIDRUN",43771,2021,290603129,"Sm3",6443153,"Sm3"," ","Sm3"," ","Sm3"
"HEIDRUN",43771,2022,64476393,"Sm3",4991982,"Sm3"," ","Sm3"," ","Sm3"
"HEIDRUN",43771,2023,186018067,"Sm3",4231434,"Sm3"," ","Sm3"," ","Sm3"
"HEIDRUN",43771,2024,1318032,"Sm3",406768,"Sm3"," ","Sm3"," ","Sm3"
"HEIMDAL",43590,2016," ","Sm3",16275,"Sm3"," ","Sm3"," ","Sm3"
"HEIMDAL",43590,2017," ","Sm3",4142,"Sm3"," ","Sm3"," ","Sm3"
"HEIMDAL",43590,2018," ","Sm3",12340,"Sm3"," ","Sm3"," ","Sm3"
"HEIMDAL",43590,2019," ","Sm3",184,"Sm3"," ","Sm3"," ","Sm3"
"HEIMDAL",43590,2020," ","Sm3",0,"Sm3"," ","Sm3"," ","Sm3"
"HEIMDAL",43590,2021," ","Sm3",0,"Sm3"," ","Sm3"," ","Sm3"
"HEIMDAL",43590,2022," ","Sm3",0,"Sm3"," ","Sm3"," ","Sm3"
"HEIMDAL",43590,2023," ","Sm3",0,"Sm3"," ","Sm3"," ","Sm3"
"HEIMDAL",43590,2024," ","Sm3",0,"Sm3"," ","Sm3"," ","Sm3"
"HOD",43485,2013," ","Sm3",193,"Sm3"," ","Sm3"," ","Sm3"
"HYME",20474183,2013," ","Sm3",0,"Sm3"," ","Sm3"," ","Sm3"
"HYME",20474183,2014,0,"Sm3",1024120,"Sm3"," ","Sm3"," ","Sm3"
"HYME",20474183,2015," ","Sm3",1659692,"Sm3"," ","Sm3"," ","Sm3"
"HYME",20474183,2016," ","Sm3",695329,"Sm3"," ","Sm3"," ","Sm3"
"HYME",20474183,2022," ","Sm3",0,"Sm3"," ","Sm3"," ","Sm3"
"HYME",20474183,2023," ","Sm3",732117,"Sm3"," ","Sm3"," ","Sm3"
"HYME",20474183,2024," ","Sm3",137967,"Sm3"," ","Sm3"," ","Sm3"
"IVAR AASEN",23384520,2016," ","Sm3",0,"Sm3"," ","Sm3"," ","Sm3"
"IVAR AASEN",23384520,2017," ","Sm3",2303025,"Sm3"," ","Sm3"," ","Sm3"
"IVAR AASEN",23384520,2018," ","Sm3",5796759,"Sm3"," ","Sm3"," ","Sm3"
"IVAR AASEN",23384520,2019," ","Sm3",6367949,"Sm3"," ","Sm3"," ","Sm3"
"IVAR AASEN",23384520,2020," ","Sm3",7768496,"Sm3"," ","Sm3"," ","Sm3"
"IVAR AASEN",23384520,2021," ","Sm3",5710829,"Sm3"," ","Sm3"," ","Sm3"
"IVAR AASEN",23384520,2022," ","Sm3",6796817,"Sm3"," ","Sm3"," ","Sm3"
"IVAR AASEN",23384520,2023," ","Sm3",6867806,"Sm3"," ","Sm3"," ","Sm3"
"IVAR AASEN",23384520,2024," ","Sm3",636605,"Sm3"," ","Sm3"," ","Sm3"
"JOHAN SVERDRUP",26376286,2019,0,"Sm3",4202693,"Sm3"," ","Sm3"," ","Sm3"
"JOHAN SVERDRUP",26376286,2020,7946227,"Sm3",29384658,"Sm3"," ","Sm3"," ","Sm3"
"JOHAN SVERDRUP",26376286,2021,2028210,"Sm3",33944594,"Sm3"," ","Sm3"," ","Sm3"
"JOHAN SVERDRUP",26376286,2022,27323136,"Sm3",34986592,"Sm3"," ","Sm3"," ","Sm3"
"JOHAN SVERDRUP",26376286,2023,81257988,"Sm3",51499920,"Sm3"," ","Sm3"," ","Sm3"
"JOHAN SVERDRUP",26376286,2024,0,"Sm3",4391287,"Sm3"," ","Sm3"," ","Sm3"
"JOTUN",43604,1999," ","Sm3",0,"Sm3"," ","Sm3"," ","Sm3"
"JOTUN",43604,2000," ","Sm3",0,"Sm3"," ","Sm3"," ","Sm3"
"JOTUN",43604,2001," ","Sm3",1717869,"Sm3"," ","Sm3"," ","Sm3"
"JOTUN",43604,2002," ","Sm3",3724615,"Sm3"," ","Sm3"," ","Sm3"
"JOTUN",43604,2003," ","Sm3",3604845,"Sm3"," ","Sm3"," ","Sm3"
"JOTUN",43604,2004," ","Sm3",4207850,"Sm3"," ","Sm3"," ","Sm3"
"JOTUN",43604,2005," ","Sm3",4413728,"Sm3"," ","Sm3"," ","Sm3"
"JOTUN",43604,2006," ","Sm3",4407983,"Sm3"," ","Sm3"," ","Sm3"
"JOTUN",43604,2007," ","Sm3",4330390,"Sm3"," ","Sm3"," ","Sm3"
"JOTUN",43604,2008," ","Sm3",3739378,"Sm3"," ","Sm3"," ","Sm3"
"JOTUN",43604,2009," ","Sm3",2505197,"Sm3"," ","Sm3"," ","Sm3"
"JOTUN",43604,2010," ","Sm3",2965969,"Sm3"," ","Sm3"," ","Sm3"
"JOTUN",43604,2011," ","Sm3",3577374,"Sm3"," ","Sm3"," ","Sm3"
"JOTUN",43604,2012," ","Sm3",2894813,"Sm3"," ","Sm3"," ","Sm3"
"JOTUN",43604,2013," ","Sm3",2431353,"Sm3"," ","Sm3"," ","Sm3"
"JOTUN",43604,2014," ","Sm3",2555172,"Sm3"," ","Sm3"," ","Sm3"
"JOTUN",43604,2015,0,"Sm3",1576089,"Sm3"," ","Sm3"," ","Sm3"
"JOTUN",43604,2016,0,"Sm3",1970759,"Sm3"," ","Sm3"," ","Sm3"
"JOTUN",43604,2017,0,"Sm3",0,"Sm3"," ","Sm3"," ","Sm3"
"KNARR",20460988,2015," ","Sm3",11921,"Sm3"," ","Sm3"," ","Sm3"
"KNARR",20460988,2016," ","Sm3",3183182,"Sm3"," ","Sm3"," ","Sm3"
"KNARR",20460988,2017," ","Sm3",4196849,"Sm3"," ","Sm3"," ","Sm3"
"KNARR",20460988,2018," ","Sm3",3412746,"Sm3"," ","Sm3"," ","Sm3"
"KNARR",20460988,2019," ","Sm3",3632634,"Sm3"," ","Sm3"," ","Sm3"
"KNARR",20460988,2020," ","Sm3",3406392,"Sm3"," ","Sm3"," ","Sm3"
"KNARR",20460988,2021," ","Sm3",2710237,"Sm3"," ","Sm3"," ","Sm3"
"KNARR",20460988,2022," ","Sm3",973256,"Sm3"," ","Sm3"," ","Sm3"
"KVITEBJØRN",1036101,2014," ","Sm3",19183,"Sm3"," ","Sm3"," ","Sm3"
"KVITEBJØRN",1036101,2015," ","Sm3",230268,"Sm3"," ","Sm3"," ","Sm3"
"KVITEBJØRN",1036101,2016," ","Sm3",221383,"Sm3"," ","Sm3"," ","Sm3"
"KVITEBJØRN",1036101,2017," ","Sm3",214289,"Sm3"," ","Sm3"," ","Sm3"
"KVITEBJØRN",1036101,2018," ","Sm3",226807,"Sm3"," ","Sm3"," ","Sm3"
"KVITEBJØRN",1036101,2019," ","Sm3",253949,"Sm3"," ","Sm3"," ","Sm3"
"KVITEBJØRN",1036101,2020," ","Sm3",204859,"Sm3"," ","Sm3"," ","Sm3"
"KVITEBJØRN",1036101,2021," ","Sm3",197952,"Sm3"," ","Sm3"," ","Sm3"
"KVITEBJØRN",1036101,2022," ","Sm3",177724,"Sm3"," ","Sm3"," ","Sm3"
"KVITEBJØRN",1036101,2023," ","Sm3",161195,"Sm3"," ","Sm3"," ","Sm3"
"KVITEBJØRN",1036101,2024," ","Sm3",18820,"Sm3"," ","Sm3"," ","Sm3"
"MARIA",26465170,2017," ","Sm3",0,"Sm3"," ","Sm3"," ","Sm3"
"MARIA",26465170,2018," ","Sm3",852495,"Sm3"," ","Sm3"," ","Sm3"
"MARIA",26465170,2019," ","Sm3",346377,"Sm3"," ","Sm3"," ","Sm3"
"MARIA",26465170,2020," ","Sm3",498706,"Sm3"," ","Sm3"," ","Sm3"
"MARIA",26465170,2021," ","Sm3",627940,"Sm3"," ","Sm3"," ","Sm3"
"MARIA",26465170,2022," ","Sm3",1030956,"Sm3"," ","Sm3"," ","Sm3"
"MARIA",26465170,2023," ","Sm3",1254669,"Sm3"," ","Sm3"," ","Sm3"
"MARIA",26465170,2024," ","Sm3",69486,"Sm3"," ","Sm3"," ","Sm3"
"MARTIN LINGE",21675447,2021," ","Sm3",0,"Sm3"," ","Sm3"," ","Sm3"
"MARTIN LINGE",21675447,2022," ","Sm3",968622,"Sm3"," ","Sm3"," ","Sm3"
"MARTIN LINGE",21675447,2023," ","Sm3",1504724,"Sm3"," ","Sm3"," ","Sm3"
"MARTIN LINGE",21675447,2024," ","Sm3",146749,"Sm3"," ","Sm3"," ","Sm3"
"MURCHISON",43665,2000," ","Sm3",10401951,"Sm3"," ","Sm3"," ","Sm3"
"MURCHISON",43665,2001," ","Sm3",10306699,"Sm3"," ","Sm3"," ","Sm3"
"MURCHISON",43665,2002," ","Sm3",10511253,"Sm3"," ","Sm3"," ","Sm3"
"MURCHISON",43665,2003," ","Sm3",10323040,"Sm3"," ","Sm3"," ","Sm3"
"MURCHISON",43665,2004," ","Sm3",10805499,"Sm3"," ","Sm3"," ","Sm3"
"MURCHISON",43665,2005," ","Sm3",10169481,"Sm3"," ","Sm3"," ","Sm3"
"MURCHISON",43665,2006," ","Sm3",9276402,"Sm3"," ","Sm3"," ","Sm3"
"MURCHISON",43665,2007," ","Sm3",9653906,"Sm3"," ","Sm3"," ","Sm3"
"MURCHISON",43665,2008," ","Sm3",9208516,"Sm3"," ","Sm3"," ","Sm3"
"MURCHISON",43665,2009," ","Sm3",10011945,"Sm3"," ","Sm3"," ","Sm3"
"MURCHISON",43665,2010," ","Sm3",7746706,"Sm3"," ","Sm3"," ","Sm3"
"MURCHISON",43665,2011," ","Sm3",7748084,"Sm3"," ","Sm3"," ","Sm3"
"MURCHISON",43665,2012," ","Sm3",8316226,"Sm3"," ","Sm3"," ","Sm3"
"MURCHISON",43665,2013," ","Sm3",4915874,"Sm3"," ","Sm3"," ","Sm3"
"MURCHISON",43665,2014," ","Sm3",318437,"Sm3"," ","Sm3"," ","Sm3"
"NJORD",43751,2000,2639904544,"Sm3",0,"Sm3"," ","Sm3"," ","Sm3"
"NJORD",43751,2001,2408034810,"Sm3",0,"Sm3"," ","Sm3"," ","Sm3"
"NJORD",43751,2002,2690722148,"Sm3",0,"Sm3"," ","Sm3"," ","Sm3"
"NJORD",43751,2003,2872529578,"Sm3",0,"Sm3"," ","Sm3"," ","Sm3"
"NJORD",43751,2004,3036915837,"Sm3",0,"Sm3"," ","Sm3"," ","Sm3"
"NJORD",43751,2005,3157801053,"Sm3",0,"Sm3"," ","Sm3"," ","Sm3"
"NJORD",43751,2006,2933622278,"Sm3",0,"Sm3"," ","Sm3"," ","Sm3"
"NJORD",43751,2007,2991570334,"Sm3",0,"Sm3"," ","Sm3"," ","Sm3"
"NJORD",43751,2008,879068720,"Sm3",0,"Sm3"," ","Sm3"," ","Sm3"
"NJORD",43751,2009,440436292,"Sm3",0,"Sm3"," ","Sm3"," ","Sm3"
"NJORD",43751,2010,390808270,"Sm3",0,"Sm3"," ","Sm3"," ","Sm3"
"NJORD",43751,2011,23780992,"Sm3",0,"Sm3"," ","Sm3"," ","Sm3"
"NJORD",43751,2012,319143412,"Sm3",0,"Sm3"," ","Sm3"," ","Sm3"
"NJORD",43751,2013,238182810,"Sm3",0,"Sm3"," ","Sm3"," ","Sm3"
"NJORD",43751,2014,242150551,"Sm3",0,"Sm3"," ","Sm3"," ","Sm3"
"NJORD",43751,2015,424834429,"Sm3"," ","Sm3"," ","Sm3"," ","Sm3"
"NJORD",43751,2016,158493509,"Sm3"," ","Sm3"," ","Sm3"," ","Sm3"
"NJORD",43751,2022,0,"Sm3"," ","Sm3"," ","Sm3"," ","Sm3"
"NJORD",43751,2023,241868190,"Sm3"," ","Sm3"," ","Sm3"," ","Sm3"
"NJORD",43751,2024,23205760,"Sm3"," ","Sm3"," ","Sm3"," ","Sm3"
"NORNE",43778,2000,2193038104,"Sm3",11539794,"Sm3"," ","Sm3"," ","Sm3"
"NORNE",43778,2001,915001325,"Sm3",15969830,"Sm3"," ","Sm3"," ","Sm3"
"NORNE",43778,2002,1055537276,"Sm3",15592487,"Sm3"," ","Sm3"," ","Sm3"
"NORNE",43778,2003,881620350,"Sm3",15184852,"Sm3"," ","Sm3"," ","Sm3"
"NORNE",43778,2004,734418121,"Sm3",14853753,"Sm3"," ","Sm3"," ","Sm3"
"NORNE",43778,2005,66325125,"Sm3",15811002,"Sm3"," ","Sm3"," ","Sm3"
"NORNE",43778,2006,158424924,"Sm3",8877589,"Sm3"," ","Sm3"," ","Sm3"
"NORNE",43778,2007,0,"Sm3",14397766,"Sm3"," ","Sm3"," ","Sm3"
"NORNE",43778,2008," ","Sm3",13107412,"Sm3"," ","Sm3"," ","Sm3"
"NORNE",43778,2009," ","Sm3",9591291,"Sm3"," ","Sm3"," ","Sm3"
"NORNE",43778,2010," ","Sm3",9408660,"Sm3"," ","Sm3"," ","Sm3"
"NORNE",43778,2011," ","Sm3",9823407,"Sm3"," ","Sm3"," ","Sm3"
"NORNE",43778,2012," ","Sm3",7676353,"Sm3"," ","Sm3"," ","Sm3"
"NORNE",43778,2013," ","Sm3",6140689,"Sm3"," ","Sm3"," ","Sm3"
"NORNE",43778,2014," ","Sm3",9706636,"Sm3"," ","Sm3"," ","Sm3"
"NORNE",43778,2015," ","Sm3",9105235,"Sm3"," ","Sm3"," ","Sm3"
"NORNE",43778,2016," ","Sm3",7730150,"Sm3"," ","Sm3"," ","Sm3"
"NORNE",43778,2017," ","Sm3",9030932,"Sm3"," ","Sm3"," ","Sm3"
"NORNE",43778,2018," ","Sm3",8049078,"Sm3"," ","Sm3"," ","Sm3"
"NORNE",43778,2019," ","Sm3",13961707,"Sm3"," ","Sm3"," ","Sm3"
"NORNE",43778,2020," ","Sm3",8132032,"Sm3"," ","Sm3"," ","Sm3"
"NORNE",43778,2021," ","Sm3",6709425,"Sm3"," ","Sm3"," ","Sm3"
"NORNE",43778,2022," ","Sm3",6491033,"Sm3"," ","Sm3"," ","Sm3"
"NORNE",43778,2023," ","Sm3",4405656,"Sm3"," ","Sm3"," ","Sm3"
"NORNE",43778,2024," ","Sm3",197268,"Sm3"," ","Sm3"," ","Sm3"
"NOVA",33197696,2022," ","Sm3",273055,"Sm3"," ","Sm3"," ","Sm3"
"NOVA",33197696,2023," ","Sm3",1640357,"Sm3"," ","Sm3"," ","Sm3"
"NOVA",33197696,2024," ","Sm3",214367,"Sm3"," ","Sm3"," ","Sm3"
"OSEBERG",43625,2000,10371428202,"Sm3",4278095,"Sm3"," ","Sm3"," ","Sm3"
"OSEBERG",43625,2001,8042666015,"Sm3",2377195,"Sm3"," ","Sm3"," ","Sm3"
"OSEBERG",43625,2002,8433295794,"Sm3",2069925,"Sm3"," ","Sm3"," ","Sm3"
"OSEBERG",43625,2003,8997346702,"Sm3",3207427,"Sm3"," ","Sm3"," ","Sm3"
"OSEBERG",43625,2004,9160691553,"Sm3",4275762,"Sm3"," ","Sm3"," ","Sm3"
"OSEBERG",43625,2005,8735237980,"Sm3",2197477,"Sm3"," ","Sm3"," ","Sm3"
"OSEBERG",43625,2006,8766929751,"Sm3",2939021,"Sm3"," ","Sm3"," ","Sm3"
"OSEBERG",43625,2007,10024813463,"Sm3",3694246,"Sm3"," ","Sm3"," ","Sm3"
"OSEBERG",43625,2008,8500413491,"Sm3",4022314,"Sm3"," ","Sm3"," ","Sm3"
"OSEBERG",43625,2009,8780196644,"Sm3",3354025,"Sm3"," ","Sm3"," ","Sm3"
"OSEBERG",43625,2010,6985719844,"Sm3",2894786,"Sm3"," ","Sm3"," ","Sm3"
"OSEBERG",43625,2011,9239678234,"Sm3",1494262,"Sm3"," ","Sm3"," ","Sm3"
"OSEBERG",43625,2012,7302819301,"Sm3",1451424,"Sm3"," ","Sm3"," ","Sm3"
"OSEBERG",43625,2013,8247580411,"Sm3",1471587,"Sm3"," ","Sm3"," ","Sm3"
"OSEBERG",43625,2014,9774711633,"Sm3",1226700,"Sm3"," ","Sm3"," ","Sm3"
"OSEBERG",43625,2015,10435826101,"Sm3",2609945,"Sm3"," ","Sm3",0,"Sm3"
"OSEBERG",43625,2016,12227769185,"Sm3",2427160,"Sm3"," ","Sm3"," ","Sm3"
"OSEBERG",43625,2017,9512845270,"Sm3",2775184,"Sm3"," ","Sm3"," ","Sm3"
"OSEBERG",43625,2018,9438241683,"Sm3",2024264,"Sm3"," ","Sm3",116975,"Sm3"
"OSEBERG",43625,2019,9797465830,"Sm3",1312683,"Sm3"," ","Sm3",148210,"Sm3"
"OSEBERG",43625,2020,8251935765,"Sm3",1726598,"Sm3"," ","Sm3",706716,"Sm3"
"OSEBERG",43625,2021,4571705894,"Sm3",2630148,"Sm3"," ","Sm3",886223,"Sm3"
"OSEBERG",43625,2022,3986216186,"Sm3",2279069,"Sm3"," ","Sm3",961117,"Sm3"
"OSEBERG",43625,2023,4198055615,"Sm3",2131242,"Sm3"," ","Sm3",0,"Sm3"
"OSEBERG",43625,2024,297009462,"Sm3",147284,"Sm3"," ","Sm3",0,"Sm3"
"OSEBERG SØR",43645,2000,52537827,"Sm3",0,"Sm3"," ","Sm3"," ","Sm3"
"OSEBERG SØR",43645,2001,438697961,"Sm3",2033249,"Sm3"," ","Sm3"," ","Sm3"
"OSEBERG SØR",43645,2002,421201940,"Sm3",4794253,"Sm3"," ","Sm3"," ","Sm3"
"OSEBERG SØR",43645,2003,854463949,"Sm3",6747630,"Sm3"," ","Sm3"," ","Sm3"
"OSEBERG SØR",43645,2004,687510248,"Sm3",7626367,"Sm3"," ","Sm3"," ","Sm3"
"OSEBERG SØR",43645,2005,647540663,"Sm3",6016256,"Sm3"," ","Sm3"," ","Sm3"
"OSEBERG SØR",43645,2006,603190352,"Sm3",6235598,"Sm3"," ","Sm3"," ","Sm3"
"OSEBERG SØR",43645,2007,459330088,"Sm3",4747933,"Sm3"," ","Sm3"," ","Sm3"
"OSEBERG SØR",43645,2008,508927318,"Sm3",4599862,"Sm3"," ","Sm3"," ","Sm3"
"OSEBERG SØR",43645,2009,414987890,"Sm3",4290303,"Sm3"," ","Sm3"," ","Sm3"
"OSEBERG SØR",43645,2010,510820032,"Sm3",3530354,"Sm3"," ","Sm3"," ","Sm3"
"OSEBERG SØR",43645,2011,915414925,"Sm3",2953308,"Sm3"," ","Sm3"," ","Sm3"
"OSEBERG SØR",43645,2012,812349435,"Sm3",2125947,"Sm3"," ","Sm3"," ","Sm3"
"OSEBERG SØR",43645,2013,1044763823,"Sm3",2499954,"Sm3"," ","Sm3"," ","Sm3"
"OSEBERG SØR",43645,2014,1067528124,"Sm3",3367930,"Sm3"," ","Sm3"," ","Sm3"
"OSEBERG SØR",43645,2015,1221207494,"Sm3",4616612,"Sm3"," ","Sm3"," ","Sm3"
"OSEBERG SØR",43645,2016,1305329089,"Sm3",4587619,"Sm3"," ","Sm3"," ","Sm3"
"OSEBERG SØR",43645,2017,1134824393,"Sm3",3989340,"Sm3"," ","Sm3"," ","Sm3"
"OSEBERG SØR",43645,2018,806475807,"Sm3",3440315,"Sm3"," ","Sm3"," ","Sm3"
"OSEBERG SØR",43645,2019,836289944,"Sm3",3641242,"Sm3"," ","Sm3"," ","Sm3"
"OSEBERG SØR",43645,2020,773024583,"Sm3",3704756,"Sm3"," ","Sm3"," ","Sm3"
"OSEBERG SØR",43645,2021,869963020,"Sm3",3449524,"Sm3"," ","Sm3"," ","Sm3"
"OSEBERG SØR",43645,2022,794908982,"Sm3",1717452,"Sm3"," ","Sm3"," ","Sm3"
"OSEBERG SØR",43645,2023,1055825536,"Sm3",3170867,"Sm3"," ","Sm3"," ","Sm3"
"OSEBERG SØR",43645,2024,89749290,"Sm3",300468,"Sm3"," ","Sm3"," ","Sm3"
"OSEBERG ØST",43639,2000,167391015,"Sm3",2634963,"Sm3"," ","Sm3"," ","Sm3"
"OSEBERG ØST",43639,2001,220933616,"Sm3",4669813,"Sm3"," ","Sm3"," ","Sm3"
"OSEBERG ØST",43639,2002,240315534,"Sm3",4286318,"Sm3"," ","Sm3"," ","Sm3"
"OSEBERG ØST",43639,2003,201082795,"Sm3",4566389,"Sm3"," ","Sm3"," ","Sm3"
"OSEBERG ØST",43639,2004,154591241,"Sm3",4600413,"Sm3"," ","Sm3"," ","Sm3"
"OSEBERG ØST",43639,2005,151974800,"Sm3",3968226,"Sm3"," ","Sm3"," ","Sm3"
"OSEBERG ØST",43639,2006,210019116,"Sm3",2655926,"Sm3"," ","Sm3"," ","Sm3"
"OSEBERG ØST",43639,2007,115243203,"Sm3",2526066,"Sm3"," ","Sm3"," ","Sm3"
"OSEBERG ØST",43639,2008,83734405,"Sm3",1775145,"Sm3"," ","Sm3"," ","Sm3"
"OSEBERG ØST",43639,2009,10147517,"Sm3",1112152,"Sm3"," ","Sm3"," ","Sm3"
"OSEBERG ØST",43639,2010,6619942,"Sm3",1395862,"Sm3"," ","Sm3"," ","Sm3"
"OSEBERG ØST",43639,2011,12287837,"Sm3",1281092,"Sm3"," ","Sm3"," ","Sm3"
"OSEBERG ØST",43639,2012,10268248,"Sm3",1394215,"Sm3"," ","Sm3"," ","Sm3"
"OSEBERG ØST",43639,2013,9138537,"Sm3",1587657,"Sm3"," ","Sm3"," ","Sm3"
"OSEBERG ØST",43639,2014,12623832,"Sm3",1373530,"Sm3"," ","Sm3"," ","Sm3"
"OSEBERG ØST",43639,2015,36229892,"Sm3",2209174,"Sm3"," ","Sm3"," ","Sm3"
"OSEBERG ØST",43639,2016,7010862,"Sm3",2619378,"Sm3"," ","Sm3"," ","Sm3"
"OSEBERG ØST",43639,2017,62108251,"Sm3",1815463,"Sm3"," ","Sm3"," ","Sm3"
"OSEBERG ØST",43639,2018,78336991,"Sm3",2292017,"Sm3"," ","Sm3"," ","Sm3"
"OSEBERG ØST",43639,2019,83998218,"Sm3",1640958,"Sm3"," ","Sm3"," ","Sm3"
"OSEBERG ØST",43639,2020,89706243,"Sm3",1584155,"Sm3"," ","Sm3"," ","Sm3"
"OSEBERG ØST",43639,2021,58663237,"Sm3",1211997,"Sm3"," ","Sm3"," ","Sm3"
"OSEBERG ØST",43639,2022,41675907,"Sm3",1233382,"Sm3"," ","Sm3"," ","Sm3"
"OSEBERG ØST",43639,2023,59293010,"Sm3",1448263,"Sm3"," ","Sm3"," ","Sm3"
"OSEBERG ØST",43639,2024,9748671,"Sm3",153444,"Sm3"," ","Sm3"," ","Sm3"
"RINGHORNE ØST",3505505,2019,4031731,"Sm3"," ","Sm3"," ","Sm3"," ","Sm3"
"RINGHORNE ØST",3505505,2020,26359430,"Sm3"," ","Sm3"," ","Sm3"," ","Sm3"
"RINGHORNE ØST",3505505,2021,44658219,"Sm3"," ","Sm3"," ","Sm3"," ","Sm3"
"RINGHORNE ØST",3505505,2022,34522102,"Sm3"," ","Sm3"," ","Sm3"," ","Sm3"
"RINGHORNE ØST",3505505,2023,31131551,"Sm3"," ","Sm3"," ","Sm3"," ","Sm3"
"RINGHORNE ØST",3505505,2024,1940667,"Sm3"," ","Sm3"," ","Sm3"," ","Sm3"
"SKARV",4704482,2013,581807662,"Sm3"," ","Sm3"," ","Sm3"," ","Sm3"
"SKARV",4704482,2014,1328484205,"Sm3"," ","Sm3"," ","Sm3"," ","Sm3"
"SKARV",4704482,2015,1761447478,"Sm3"," ","Sm3"," ","Sm3"," ","Sm3"
"SKARV",4704482,2016,1958687293,"Sm3"," ","Sm3"," ","Sm3"," ","Sm3"
"SKARV",4704482,2017,1659706452,"Sm3"," ","Sm3"," ","Sm3"," ","Sm3"
"SKARV",4704482,2018,1773322094,"Sm3"," ","Sm3"," ","Sm3"," ","Sm3"
"SKARV",4704482,2019,2179617345,"Sm3"," ","Sm3"," ","Sm3"," ","Sm3"
"SKARV",4704482,2020,2490829857,"Sm3"," ","Sm3"," ","Sm3"," ","Sm3"
"SKARV",4704482,2021,1860211834,"Sm3"," ","Sm3"," ","Sm3"," ","Sm3"
"SKARV",4704482,2022,626298171,"Sm3"," ","Sm3"," ","Sm3"," ","Sm3"
"SKARV",4704482,2023,557909336,"Sm3"," ","Sm3"," ","Sm3"," ","Sm3"
"SKARV",4704482,2024,57893978,"Sm3"," ","Sm3"," ","Sm3"," ","Sm3"
"SKULD",21350124,2013," ","Sm3",882293,"Sm3"," ","Sm3"," ","Sm3"
"SKULD",21350124,2014," ","Sm3",1773194,"Sm3"," ","Sm3"," ","Sm3"
"SKULD",21350124,2015," ","Sm3",1108723,"Sm3"," ","Sm3"," ","Sm3"
"SKULD",21350124,2016," ","Sm3",946064,"Sm3"," ","Sm3"," ","Sm3"
"SKULD",21350124,2017," ","Sm3",1586361,"Sm3"," ","Sm3"," ","Sm3"
"SKULD",21350124,2018," ","Sm3",989866,"Sm3"," ","Sm3"," ","Sm3"
"SKULD",21350124,2019," ","Sm3",721562,"Sm3"," ","Sm3"," ","Sm3"
"SKULD",21350124,2020," ","Sm3",656511,"Sm3"," ","Sm3"," ","Sm3"
"SKULD",21350124,2021," ","Sm3",490870,"Sm3"," ","Sm3"," ","Sm3"
"SKULD",21350124,2022," ","Sm3",670229,"Sm3"," ","Sm3"," ","Sm3"
"SKULD",21350124,2023," ","Sm3",44391,"Sm3"," ","Sm3"," ","Sm3"
"SKULD",21350124,2024," ","Sm3",0,"Sm3"," ","Sm3"," ","Sm3"
"SLEIPNER ØST",43478,2000,2615761980,"Sm3"," ","Sm3"," ","Sm3"," ","Sm3"
"SLEIPNER ØST",43478,2001,3841892700,"Sm3"," ","Sm3"," ","Sm3"," ","Sm3"
"SLEIPNER ØST",43478,2002,1538722704,"Sm3"," ","Sm3"," ","Sm3"," ","Sm3"
"SLEIPNER ØST",43478,2003,690636858,"Sm3"," ","Sm3"," ","Sm3"," ","Sm3"
"SLEIPNER ØST",43478,2004,255349687,"Sm3"," ","Sm3"," ","Sm3"," ","Sm3"
"SLEIPNER ØST",43478,2005,137540011,"Sm3"," ","Sm3"," ","Sm3"," ","Sm3"
"SLEIPNER ØST",43478,2006,380,"Sm3"," ","Sm3"," ","Sm3"," ","Sm3"
"SLEIPNER ØST",43478,2007,0,"Sm3"," ","Sm3"," ","Sm3"," ","Sm3"
"SLEIPNER ØST",43478,2008,0,"Sm3"," ","Sm3"," ","Sm3"," ","Sm3"
"SLEIPNER ØST",43478,2009,0,"Sm3"," ","Sm3"," ","Sm3"," ","Sm3"
"SLEIPNER ØST",43478,2010,0,"Sm3"," ","Sm3",107643136,"Sm3"," ","Sm3"
"SLEIPNER ØST",43478,2011," ","Sm3"," ","Sm3",499561410,"Sm3"," ","Sm3"
"SLEIPNER ØST",43478,2012," ","Sm3"," ","Sm3",452576726,"Sm3"," ","Sm3"
"SLEIPNER ØST",43478,2013," ","Sm3"," ","Sm3",377514277,"Sm3"," ","Sm3"
"SLEIPNER ØST",43478,2014,614626,"Sm3",258489,"Sm3",354089463,"Sm3"," ","Sm3"
"SLEIPNER ØST",43478,2015,0,"Sm3",555725,"Sm3",380221089,"Sm3"," ","Sm3"
"SLEIPNER ØST",43478,2016,0,"Sm3",477805,"Sm3",339845946,"Sm3"," ","Sm3"
"SLEIPNER ØST",43478,2017," ","Sm3",308338,"Sm3",299504574,"Sm3"," ","Sm3"
"SLEIPNER ØST",43478,2018," ","Sm3",296658,"Sm3",273343908,"Sm3"," ","Sm3"
"SLEIPNER ØST",43478,2019," ","Sm3",243845,"Sm3",258769215,"Sm3"," ","Sm3"
"SLEIPNER ØST",43478,2020," ","Sm3",460329,"Sm3",279882011,"Sm3"," ","Sm3"
"SLEIPNER ØST",43478,2021," ","Sm3",296573,"Sm3",139658732,"Sm3"," ","Sm3"
"SLEIPNER ØST",43478,2022," ","Sm3",248949,"Sm3",61593005,"Sm3"," ","Sm3"
"SLEIPNER ØST",43478,2023," ","Sm3",246120,"Sm3",56735337,"Sm3"," ","Sm3"
"SLEIPNER ØST",43478,2024," ","Sm3",28836,"Sm3",0,"Sm3"," ","Sm3"
"SNORRE",43718,2000,1114400941,"Sm3",13139848,"Sm3"," ","Sm3"," ","Sm3"
"SNORRE",43718,2001,1061478920,"Sm3",12324228,"Sm3"," ","Sm3"," ","Sm3"
"SNORRE",43718,2002,1042000370,"Sm3",11157434,"Sm3"," ","Sm3"," ","Sm3"
"SNORRE",43718,2003,1440329360,"Sm3",16077611,"Sm3"," ","Sm3"," ","Sm3"
"SNORRE",43718,2004,1806132865,"Sm3",17129929,"Sm3"," ","Sm3"," ","Sm3"
"SNORRE",43718,2005,1166889908,"Sm3",11806547,"Sm3"," ","Sm3"," ","Sm3"
"SNORRE",43718,2006,1332851574,"Sm3",12708792,"Sm3"," ","Sm3"," ","Sm3"
"SNORRE",43718,2007,1539644944,"Sm3",16447711,"Sm3"," ","Sm3"," ","Sm3"
"SNORRE",43718,2008,1488368169,"Sm3",16167938,"Sm3"," ","Sm3"," ","Sm3"
"SNORRE",43718,2009,1218287058,"Sm3",13561435,"Sm3"," ","Sm3"," ","Sm3"
"SNORRE",43718,2010,1323399305,"Sm3",12106093,"Sm3"," ","Sm3"," ","Sm3"
"SNORRE",43718,2011,1133803908,"Sm3",10683117,"Sm3"," ","Sm3"," ","Sm3"
"SNORRE",43718,2012,1244575141,"Sm3",10001325,"Sm3"," ","Sm3"," ","Sm3"
"SNORRE",43718,2013,1401522543,"Sm3",10814668,"Sm3"," ","Sm3"," ","Sm3"
"SNORRE",43718,2014,1664639133,"Sm3",12479376,"Sm3"," ","Sm3"," ","Sm3"
"SNORRE",43718,2015,1948915243,"Sm3",14281639,"Sm3"," ","Sm3"," ","Sm3"
"SNORRE",43718,2016,1879306216,"Sm3",14101468,"Sm3"," ","Sm3"," ","Sm3"
"SNORRE",43718,2017,1472591589,"Sm3",13034000,"Sm3"," ","Sm3"," ","Sm3"
"SNORRE",43718,2018,1666936105,"Sm3",15383538,"Sm3"," ","Sm3"," ","Sm3"
"SNORRE",43718,2019,1294041276,"Sm3",7179110,"Sm3"," ","Sm3"," ","Sm3"
"SNORRE",43718,2020,1304090425,"Sm3",10526303,"Sm3"," ","Sm3"," ","Sm3"
"SNORRE",43718,2021,2157403733,"Sm3",11252850,"Sm3"," ","Sm3"," ","Sm3"
"SNORRE",43718,2022,1945385928,"Sm3",14201703,"Sm3"," ","Sm3"," ","Sm3"
"SNORRE",43718,2023,1786674783,"Sm3",10326778,"Sm3"," ","Sm3"," ","Sm3"
"SNORRE",43718,2024,143350572,"Sm3",1080031,"Sm3"," ","Sm3"," ","Sm3"
"SNØHVIT",2053062,2007," ","Sm3"," ","Sm3",0,"Sm3"," ","Sm3"
"SNØHVIT",2053062,2008," ","Sm3"," ","Sm3",106053370,"Sm3"," ","Sm3"
"SNØHVIT",2053062,2009," ","Sm3"," ","Sm3",165521018,"Sm3"," ","Sm3"
"SNØHVIT",2053062,2010," ","Sm3"," ","Sm3",247110934,"Sm3"," ","Sm3"
"SNØHVIT",2053062,2011," ","Sm3"," ","Sm3",216553700,"Sm3"," ","Sm3"
"SNØHVIT",2053062,2012," ","Sm3"," ","Sm3",263042907,"Sm3"," ","Sm3"
"SNØHVIT",2053062,2013," ","Sm3"," ","Sm3",251820986,"Sm3"," ","Sm3"
"SNØHVIT",2053062,2014," ","Sm3"," ","Sm3",315183490,"Sm3"," ","Sm3"
"SNØHVIT",2053062,2015," ","Sm3"," ","Sm3",364960064,"Sm3"," ","Sm3"
"SNØHVIT",2053062,2016," ","Sm3"," ","Sm3",402871229,"Sm3"," ","Sm3"
"SNØHVIT",2053062,2017," ","Sm3"," ","Sm3",365445790,"Sm3"," ","Sm3"
"SNØHVIT",2053062,2018," ","Sm3"," ","Sm3",407138562,"Sm3"," ","Sm3"
"SNØHVIT",2053062,2019," ","Sm3"," ","Sm3",387231130,"Sm3"," ","Sm3"
"SNØHVIT",2053062,2020," ","Sm3"," ","Sm3",226744934,"Sm3"," ","Sm3"
"SNØHVIT",2053062,2021," ","Sm3"," ","Sm3",0,"Sm3"," ","Sm3"
"SNØHVIT",2053062,2022," ","Sm3"," ","Sm3",216037396,"Sm3"," ","Sm3"
"SNØHVIT",2053062,2023," ","Sm3"," ","Sm3",352883283,"Sm3"," ","Sm3"
"SNØHVIT",2053062,2024," ","Sm3"," ","Sm3",35505266,"Sm3"," ","Sm3"
"SOLVEIG",34833011,2021," ","Sm3",0,"Sm3"," ","Sm3"," ","Sm3"
"SOLVEIG",34833011,2022," ","Sm3",537575,"Sm3"," ","Sm3"," ","Sm3"
"SOLVEIG",34833011,2023," ","Sm3",1252212,"Sm3"," ","Sm3"," ","Sm3"
"SOLVEIG",34833011,2024," ","Sm3",204905,"Sm3"," ","Sm3"," ","Sm3"
"STATFJORD",43658,2000,4732385067,"Sm3",58235354,"Sm3"," ","Sm3"," ","Sm3"
"STATFJORD",43658,2001,4839551645,"Sm3",55072873,"Sm3"," ","Sm3"," ","Sm3"
"STATFJORD",43658,2002,4316538305,"Sm3",51123153,"Sm3"," ","Sm3"," ","Sm3"
"STATFJORD",43658,2003,3833035547,"Sm3",57918955,"Sm3"," ","Sm3"," ","Sm3"
"STATFJORD",43658,2004,3389775127,"Sm3",51946221,"Sm3"," ","Sm3"," ","Sm3"
"STATFJORD",43658,2005,2175807777,"Sm3",51122138,"Sm3"," ","Sm3"," ","Sm3"
"STATFJORD",43658,2006,1218322883,"Sm3",46371766,"Sm3"," ","Sm3"," ","Sm3"
"STATFJORD",43658,2007,1085612518,"Sm3",42799899,"Sm3"," ","Sm3"," ","Sm3"
"STATFJORD",43658,2008,230927344,"Sm3",24622220,"Sm3"," ","Sm3"," ","Sm3"
"STATFJORD",43658,2009,2675300,"Sm3",125528,"Sm3"," ","Sm3"," ","Sm3"
"STATFJORD",43658,2010,31930570,"Sm3",0,"Sm3"," ","Sm3"," ","Sm3"
"STATFJORD",43658,2011,31608286,"Sm3",1,"Sm3"," ","Sm3"," ","Sm3"
"STATFJORD",43658,2012,6292910,"Sm3",0,"Sm3"," ","Sm3"," ","Sm3"
"STATFJORD",43658,2013,36195145,"Sm3",0,"Sm3"," ","Sm3"," ","Sm3"
"STATFJORD",43658,2014,29093515,"Sm3",0,"Sm3"," ","Sm3"," ","Sm3"
"STATFJORD",43658,2015,97492226,"Sm3",0,"Sm3"," ","Sm3"," ","Sm3"
"STATFJORD",43658,2016,164681014,"Sm3"," ","Sm3"," ","Sm3"," ","Sm3"
"STATFJORD",43658,2017,160575744,"Sm3"," ","Sm3"," ","Sm3"," ","Sm3"
"STATFJORD",43658,2018,137882364,"Sm3"," ","Sm3"," ","Sm3"," ","Sm3"
"STATFJORD",43658,2019,141819173,"Sm3",756,"Sm3"," ","Sm3"," ","Sm3"
"STATFJORD",43658,2020,108927112,"Sm3",309947,"Sm3"," ","Sm3"," ","Sm3"
"STATFJORD",43658,2021,76182947,"Sm3",375879,"Sm3"," ","Sm3"," ","Sm3"
"STATFJORD",43658,2022,38450325,"Sm3",240930,"Sm3"," ","Sm3"," ","Sm3"
"STATFJORD",43658,2023,25372634,"Sm3",570888,"Sm3"," ","Sm3"," ","Sm3"
"STATFJORD",43658,2024,8984146,"Sm3",23824,"Sm3"," ","Sm3"," ","Sm3"
"STATFJORD NORD",43679,2000," ","Sm3",8304260,"Sm3"," ","Sm3"," ","Sm3"
"STATFJORD NORD",43679,2001," ","Sm3",9188398,"Sm3"," ","Sm3"," ","Sm3"
"STATFJORD NORD",43679,2002," ","Sm3",7665234,"Sm3"," ","Sm3"," ","Sm3"
"STATFJORD NORD",43679,2003," ","Sm3",7697544,"Sm3"," ","Sm3"," ","Sm3"
"STATFJORD NORD",43679,2004," ","Sm3",6973481,"Sm3"," ","Sm3"," ","Sm3"
"STATFJORD NORD",43679,2005," ","Sm3",5903296,"Sm3"," ","Sm3"," ","Sm3"
"STATFJORD NORD",43679,2006," ","Sm3",4635002,"Sm3"," ","Sm3"," ","Sm3"
"STATFJORD NORD",43679,2007," ","Sm3",5503240,"Sm3"," ","Sm3"," ","Sm3"
"STATFJORD NORD",43679,2008," ","Sm3",3179945,"Sm3"," ","Sm3"," ","Sm3"
"STATFJORD NORD",43679,2009," ","Sm3",7347,"Sm3"," ","Sm3"," ","Sm3"
"STATFJORD NORD",43679,2010," ","Sm3",2082713,"Sm3"," ","Sm3"," ","Sm3"
"STATFJORD NORD",43679,2011," ","Sm3",2630546,"Sm3"," ","Sm3"," ","Sm3"
"STATFJORD NORD",43679,2012," ","Sm3",832623,"Sm3"," ","Sm3"," ","Sm3"
"STATFJORD NORD",43679,2013," ","Sm3",1232615,"Sm3"," ","Sm3"," ","Sm3"
"STATFJORD NORD",43679,2014," ","Sm3",1695254,"Sm3"," ","Sm3"," ","Sm3"
"STATFJORD NORD",43679,2015," ","Sm3",2126220,"Sm3"," ","Sm3"," ","Sm3"
"STATFJORD NORD",43679,2016," ","Sm3",3174290,"Sm3"," ","Sm3"," ","Sm3"
"STATFJORD NORD",43679,2017," ","Sm3",3370634,"Sm3"," ","Sm3"," ","Sm3"
"STATFJORD NORD",43679,2018," ","Sm3",3247935,"Sm3"," ","Sm3"," ","Sm3"
"STATFJORD NORD",43679,2019," ","Sm3",3662946,"Sm3"," ","Sm3"," ","Sm3"
"STATFJORD NORD",43679,2020," ","Sm3",5652637,"Sm3"," ","Sm3"," ","Sm3"
"STATFJORD NORD",43679,2021," ","Sm3",4857976,"Sm3"," ","Sm3"," ","Sm3"
"STATFJORD NORD",43679,2022," ","Sm3",4400606,"Sm3"," ","Sm3"," ","Sm3"
"STATFJORD NORD",43679,2023," ","Sm3",3223112,"Sm3"," ","Sm3"," ","Sm3"
"STATFJORD NORD",43679,2024," ","Sm3",558748,"Sm3"," ","Sm3"," ","Sm3"
"STATFJORD ØST",43672,2000," ","Sm3",6332700,"Sm3"," ","Sm3"," ","Sm3"
"STATFJORD ØST",43672,2001," ","Sm3",5964950,"Sm3"," ","Sm3"," ","Sm3"
"STATFJORD ØST",43672,2002," ","Sm3",5811519,"Sm3"," ","Sm3"," ","Sm3"
"STATFJORD ØST",43672,2003," ","Sm3",6270358,"Sm3"," ","Sm3"," ","Sm3"
"STATFJORD ØST",43672,2004," ","Sm3",5962913,"Sm3"," ","Sm3"," ","Sm3"
"STATFJORD ØST",43672,2005," ","Sm3",6098853,"Sm3"," ","Sm3"," ","Sm3"
"STATFJORD ØST",43672,2006," ","Sm3",5011033,"Sm3"," ","Sm3"," ","Sm3"
"STATFJORD ØST",43672,2007," ","Sm3",5580084,"Sm3"," ","Sm3"," ","Sm3"
"STATFJORD ØST",43672,2008," ","Sm3",3158583,"Sm3"," ","Sm3"," ","Sm3"
"STATFJORD ØST",43672,2009," ","Sm3",75039,"Sm3"," ","Sm3"," ","Sm3"
"STATFJORD ØST",43672,2010," ","Sm3",0,"Sm3"," ","Sm3"," ","Sm3"
"STATFJORD ØST",43672,2011," ","Sm3",0,"Sm3"," ","Sm3"," ","Sm3"
"STATFJORD ØST",43672,2016," ","Sm3",0,"Sm3"," ","Sm3"," ","Sm3"
"STATFJORD ØST",43672,2017," ","Sm3",0,"Sm3"," ","Sm3"," ","Sm3"
"STATFJORD ØST",43672,2018," ","Sm3",0,"Sm3"," ","Sm3"," ","Sm3"
"STATFJORD ØST",43672,2019," ","Sm3",0,"Sm3"," ","Sm3"," ","Sm3"
"STATFJORD ØST",43672,2020," ","Sm3",0,"Sm3"," ","Sm3"," ","Sm3"
"STATFJORD ØST",43672,2021," ","Sm3",0,"Sm3"," ","Sm3"," ","Sm3"
"STATFJORD ØST",43672,2022," ","Sm3",0,"Sm3"," ","Sm3"," ","Sm3"
"STATFJORD ØST",43672,2023," ","Sm3",0,"Sm3"," ","Sm3"," ","Sm3"
"STATFJORD ØST",43672,2024," ","Sm3",0,"Sm3"," ","Sm3"," ","Sm3"
"SYGNA",104718,2000," ","Sm3",508977,"Sm3"," ","Sm3"," ","Sm3"
"SYGNA",104718,2001," ","Sm3",2572522,"Sm3"," ","Sm3"," ","Sm3"
"SYGNA",104718,2002," ","Sm3",2389597,"Sm3"," ","Sm3"," ","Sm3"
"SYGNA",104718,2003," ","Sm3",2615971,"Sm3"," ","Sm3"," ","Sm3"
"SYGNA",104718,2004," ","Sm3",2097102,"Sm3"," ","Sm3"," ","Sm3"
"SYGNA",104718,2005," ","Sm3",2239759,"Sm3"," ","Sm3"," ","Sm3"
"SYGNA",104718,2006," ","Sm3",1805131,"Sm3"," ","Sm3"," ","Sm3"
"SYGNA",104718,2007," ","Sm3",2055500,"Sm3"," ","Sm3"," ","Sm3"
"SYGNA",104718,2008," ","Sm3",2315146,"Sm3"," ","Sm3"," ","Sm3"
"SYGNA",104718,2009," ","Sm3",861132,"Sm3"," ","Sm3"," ","Sm3"
"SYGNA",104718,2010," ","Sm3",14410,"Sm3"," ","Sm3"," ","Sm3"
"SYGNA",104718,2011," ","Sm3",0,"Sm3"," ","Sm3"," ","Sm3"
"SYGNA",104718,2015," ","Sm3",1077836,"Sm3"," ","Sm3"," ","Sm3"
"SYGNA",104718,2016," ","Sm3",1469228,"Sm3"," ","Sm3"," ","Sm3"
"SYGNA",104718,2017," ","Sm3",1206766,"Sm3"," ","Sm3"," ","Sm3"
"SYGNA",104718,2018," ","Sm3",1358315,"Sm3"," ","Sm3"," ","Sm3"
"SYGNA",104718,2019," ","Sm3",1790235,"Sm3"," ","Sm3"," ","Sm3"
"SYGNA",104718,2020," ","Sm3",1981391,"Sm3"," ","Sm3"," ","Sm3"
"SYGNA",104718,2021," ","Sm3",1457741,"Sm3"," ","Sm3"," ","Sm3"
"SYGNA",104718,2022," ","Sm3",1600756,"Sm3"," ","Sm3"," ","Sm3"
"SYGNA",104718,2023," ","Sm3",599712,"Sm3"," ","Sm3"," ","Sm3"
"SYGNA",104718,2024," ","Sm3",156639,"Sm3"," ","Sm3"," ","Sm3"
"TOR",43520,2000," ","Sm3",516886,"Sm3"," ","Sm3"," ","Sm3"
"TOR",43520,2001," ","Sm3",785584,"Sm3"," ","Sm3"," ","Sm3"
"TOR",43520,2002," ","Sm3",647417,"Sm3"," ","Sm3"," ","Sm3"
"TOR",43520,2003," ","Sm3",371502,"Sm3"," ","Sm3"," ","Sm3"
"TOR",43520,2004," ","Sm3",336871,"Sm3"," ","Sm3"," ","Sm3"
"TOR",43520,2005," ","Sm3",236404,"Sm3"," ","Sm3"," ","Sm3"
"TOR",43520,2006," ","Sm3",197475,"Sm3"," ","Sm3"," ","Sm3"
"TOR",43520,2007," ","Sm3",191035,"Sm3"," ","Sm3"," ","Sm3"
"TOR",43520,2008," ","Sm3",190889,"Sm3"," ","Sm3"," ","Sm3"
"TOR",43520,2009," ","Sm3",226005,"Sm3"," ","Sm3"," ","Sm3"
"TOR",43520,2010," ","Sm3",156526,"Sm3"," ","Sm3"," ","Sm3"
"TOR",43520,2011," ","Sm3",188122,"Sm3"," ","Sm3"," ","Sm3"
"TOR",43520,2012," ","Sm3",821297,"Sm3"," ","Sm3"," ","Sm3"
"TOR",43520,2013," ","Sm3",59548,"Sm3"," ","Sm3"," ","Sm3"
"TOR",43520,2014," ","Sm3",0,"Sm3"," ","Sm3"," ","Sm3"
"TORDIS",43725,2000,0,"Sm3",2586611,"Sm3"," ","Sm3"," ","Sm3"
"TORDIS",43725,2001,0,"Sm3",2734718,"Sm3"," ","Sm3"," ","Sm3"
"TORDIS",43725,2002,0,"Sm3",3019838,"Sm3"," ","Sm3"," ","Sm3"
"TORDIS",43725,2003,0,"Sm3",4357029,"Sm3"," ","Sm3"," ","Sm3"
"TORDIS",43725,2004," ","Sm3",5019308,"Sm3"," ","Sm3"," ","Sm3"
"TORDIS",43725,2005," ","Sm3",4442399,"Sm3"," ","Sm3"," ","Sm3"
"TORDIS",43725,2006," ","Sm3",3874996,"Sm3"," ","Sm3"," ","Sm3"
"TORDIS",43725,2007," ","Sm3",2510505,"Sm3"," ","Sm3"," ","Sm3"
"TORDIS",43725,2008," ","Sm3",1486714,"Sm3"," ","Sm3"," ","Sm3"
"TORDIS",43725,2009," ","Sm3",190174,"Sm3"," ","Sm3"," ","Sm3"
"TORDIS",43725,2010," ","Sm3",782317,"Sm3"," ","Sm3"," ","Sm3"
"TORDIS",43725,2011," ","Sm3",210936,"Sm3"," ","Sm3"," ","Sm3"
"TORDIS",43725,2012," ","Sm3",159567,"Sm3"," ","Sm3"," ","Sm3"
"TORDIS",43725,2013," ","Sm3",30708,"Sm3"," ","Sm3"," ","Sm3"
"TORDIS",43725,2014," ","Sm3",1483229,"Sm3"," ","Sm3"," ","Sm3"
"TORDIS",43725,2015," ","Sm3",2228494,"Sm3"," ","Sm3"," ","Sm3"
"TORDIS",43725,2016," ","Sm3",3035119,"Sm3"," ","Sm3"," ","Sm3"
"TORDIS",43725,2017," ","Sm3",3327226,"Sm3"," ","Sm3"," ","Sm3"
"TORDIS",43725,2018," ","Sm3",4132379,"Sm3"," ","Sm3"," ","Sm3"
"TORDIS",43725,2019," ","Sm3",3617232,"Sm3"," ","Sm3"," ","Sm3"
"TORDIS",43725,2020," ","Sm3",3627909,"Sm3"," ","Sm3"," ","Sm3"
"TORDIS",43725,2021," ","Sm3",2886024,"Sm3"," ","Sm3"," ","Sm3"
"TORDIS",43725,2022," ","Sm3",3204800,"Sm3"," ","Sm3"," ","Sm3"
"TORDIS",43725,2023," ","Sm3",3210819,"Sm3"," ","Sm3"," ","Sm3"
"TORDIS",43725,2024," ","Sm3",338956,"Sm3"," ","Sm3"," ","Sm3"
"TRESTAKK",29396445,2019,155738615,"Sm3"," ","Sm3"," ","Sm3"," ","Sm3"
"TRESTAKK",29396445,2020,289728546,"Sm3"," ","Sm3"," ","Sm3"," ","Sm3"
"TRESTAKK",29396445,2021,360840653,"Sm3"," ","Sm3"," ","Sm3"," ","Sm3"
"TRESTAKK",29396445,2022,454178342,"Sm3"," ","Sm3"," ","Sm3"," ","Sm3"
"TRESTAKK",29396445,2023,559747989,"Sm3"," ","Sm3"," ","Sm3"," ","Sm3"
"TRESTAKK",29396445,2024,46245711,"Sm3"," ","Sm3"," ","Sm3"," ","Sm3"
"TROLL",46437,2000,926306186,"Sm3",13253,"Sm3"," ","Sm3"," ","Sm3"
"TROLL",46437,2001,648314525,"Sm3",244783,"Sm3"," ","Sm3"," ","Sm3"
"TROLL",46437,2002,273198252,"Sm3",1048211,"Sm3"," ","Sm3"," ","Sm3"
"TROLL",46437,2003,421700288,"Sm3",680007,"Sm3"," ","Sm3"," ","Sm3"
"TROLL",46437,2004,286811662,"Sm3",214171,"Sm3"," ","Sm3"," ","Sm3"
"TROLL",46437,2005,673155247,"Sm3",170593,"Sm3"," ","Sm3"," ","Sm3"
"TROLL",46437,2006,742870032,"Sm3",144670,"Sm3"," ","Sm3"," ","Sm3"
"TROLL",46437,2007,870610527,"Sm3",0,"Sm3"," ","Sm3"," ","Sm3"
"TROLL",46437,2008,845185975,"Sm3",167832,"Sm3"," ","Sm3"," ","Sm3"
"TROLL",46437,2009,867270269,"Sm3",1127902,"Sm3"," ","Sm3"," ","Sm3"
"TROLL",46437,2010,807201745,"Sm3",1059342,"Sm3"," ","Sm3"," ","Sm3"
"TROLL",46437,2011,1553629301,"Sm3",733869,"Sm3"," ","Sm3"," ","Sm3"
"TROLL",46437,2012,1688409010,"Sm3",786164,"Sm3"," ","Sm3"," ","Sm3"
"TROLL",46437,2013,1675972805,"Sm3",687026,"Sm3"," ","Sm3"," ","Sm3"
"TROLL",46437,2014,2315000756,"Sm3",370096,"Sm3"," ","Sm3"," ","Sm3"
"TROLL",46437,2015,2581044796,"Sm3",62142,"Sm3"," ","Sm3"," ","Sm3"
"TROLL",46437,2016,2618045975,"Sm3",27,"Sm3"," ","Sm3"," ","Sm3"
"TROLL",46437,2017,2702340791,"Sm3",0,"Sm3"," ","Sm3"," ","Sm3"
"TROLL",46437,2018,2459540946,"Sm3",0,"Sm3"," ","Sm3"," ","Sm3"
"TROLL",46437,2019,2548590800,"Sm3",0,"Sm3"," ","Sm3"," ","Sm3"
"TROLL",46437,2020,2088315553,"Sm3",0,"Sm3"," ","Sm3"," ","Sm3"
"TROLL",46437,2021,1450658113,"Sm3",0,"Sm3"," ","Sm3"," ","Sm3"
"TROLL",46437,2022,1228120915,"Sm3",0,"Sm3"," ","Sm3"," ","Sm3"
"TROLL",46437,2023,1238292186,"Sm3",0,"Sm3"," ","Sm3"," ","Sm3"
"TROLL",46437,2024,100556900,"Sm3",0,"Sm3"," ","Sm3"," ","Sm3"
"TYRIHANS",3960848,2009,160984213,"Sm3"," ","Sm3"," ","Sm3"," ","Sm3"
"TYRIHANS",3960848,2010,1882772744,"Sm3"," ","Sm3"," ","Sm3"," ","Sm3"
"TYRIHANS",3960848,2011,2614562690,"Sm3"," ","Sm3"," ","Sm3"," ","Sm3"
"TYRIHANS",3960848,2012,2960135154,"Sm3",0,"Sm3"," ","Sm3"," ","Sm3"
"TYRIHANS",3960848,2013,2624758748,"Sm3",1945632,"Sm3"," ","Sm3"," ","Sm3"
"TYRIHANS",3960848,2014,2649725250,"Sm3",3041230,"Sm3"," ","Sm3"," ","Sm3"
"TYRIHANS",3960848,2015,2248931717,"Sm3",1922005,"Sm3"," ","Sm3"," ","Sm3"
"TYRIHANS",3960848,2016,1625153210,"Sm3",480793,"Sm3"," ","Sm3"," ","Sm3"
"TYRIHANS",3960848,2017,1134782020,"Sm3",144632,"Sm3"," ","Sm3"," ","Sm3"
"TYRIHANS",3960848,2018,754309159,"Sm3",145244,"Sm3"," ","Sm3"," ","Sm3"
"TYRIHANS",3960848,2019,1526695,"Sm3",143256,"Sm3"," ","Sm3"," ","Sm3"
"TYRIHANS",3960848,2020,90616,"Sm3",127908,"Sm3"," ","Sm3"," ","Sm3"
"TYRIHANS",3960848,2021,802528,"Sm3",133286,"Sm3"," ","Sm3"," ","Sm3"
"TYRIHANS",3960848,2022,131420,"Sm3",58201,"Sm3"," ","Sm3"," ","Sm3"
"TYRIHANS",3960848,2023,0,"Sm3",0,"Sm3"," ","Sm3"," ","Sm3"
"TYRIHANS",3960848,2024,0,"Sm3",0,"Sm3"," ","Sm3"," ","Sm3"
"ULA",43800,2000,86763375,"Sm3",5159941,"Sm3"," ","Sm3"," ","Sm3"
"ULA",43800,2001,196067166,"Sm3",5079693,"Sm3"," ","Sm3"," ","Sm3"
"ULA",43800,2002,431400674,"Sm3",3152734,"Sm3"," ","Sm3"," ","Sm3"
"ULA",43800,2003,437311515,"Sm3",3304346,"Sm3"," ","Sm3"," ","Sm3"
"ULA",43800,2004,327264592,"Sm3",4104523,"Sm3"," ","Sm3"," ","Sm3"
"ULA",43800,2005,484070715,"Sm3",3589264,"Sm3"," ","Sm3"," ","Sm3"
"ULA",43800,2006,406033561,"Sm3",2678820,"Sm3"," ","Sm3"," ","Sm3"
"ULA",43800,2007,352900202,"Sm3",912302,"Sm3"," ","Sm3"," ","Sm3"
"ULA",43800,2008,249531231,"Sm3",1509616,"Sm3"," ","Sm3"," ","Sm3"
"ULA",43800,2009,389299686,"Sm3",1205857,"Sm3"," ","Sm3"," ","Sm3"
"ULA",43800,2010,470617789,"Sm3",1846225,"Sm3"," ","Sm3"," ","Sm3"
"ULA",43800,2011,356566197,"Sm3",2658766,"Sm3"," ","Sm3"," ","Sm3"
"ULA",43800,2012,280879101,"Sm3",1603793,"Sm3"," ","Sm3"," ","Sm3"
"ULA",43800,2013,301069325,"Sm3",1445702,"Sm3"," ","Sm3"," ","Sm3"
"ULA",43800,2014,503182197,"Sm3",2193213,"Sm3"," ","Sm3"," ","Sm3"
"ULA",43800,2015,364335000,"Sm3",2733112,"Sm3"," ","Sm3"," ","Sm3"
"ULA",43800,2016,329778462,"Sm3",2330676,"Sm3"," ","Sm3"," ","Sm3"
"ULA",43800,2017,473117985,"Sm3",2315741,"Sm3"," ","Sm3"," ","Sm3"
"ULA",43800,2018,344795677,"Sm3",3252694,"Sm3"," ","Sm3"," ","Sm3"
"ULA",43800,2019,309892336,"Sm3",2031849,"Sm3"," ","Sm3"," ","Sm3"
"ULA",43800,2020,402519583,"Sm3",3660529,"Sm3"," ","Sm3"," ","Sm3"
"ULA",43800,2021,226446579,"Sm3",4165335,"Sm3"," ","Sm3"," ","Sm3"
"ULA",43800,2022,155011945,"Sm3",3006058,"Sm3"," ","Sm3"," ","Sm3"
"ULA",43800,2023,227923551,"Sm3",3345350,"Sm3"," ","Sm3"," ","Sm3"
"ULA",43800,2024,6313333,"Sm3",282664,"Sm3"," ","Sm3"," ","Sm3"
"URD",2834734,2005," ","Sm3",376238,"Sm3"," ","Sm3"," ","Sm3"
"URD",2834734,2006," ","Sm3",3229009,"Sm3"," ","Sm3"," ","Sm3"
"URD",2834734,2007,14366588,"Sm3",1162444,"Sm3"," ","Sm3"," ","Sm3"
"URD",2834734,2008," ","Sm3",853287,"Sm3"," ","Sm3"," ","Sm3"
"URD",2834734,2009," ","Sm3",708450,"Sm3"," ","Sm3"," ","Sm3"
"URD",2834734,2010," ","Sm3",1246250,"Sm3"," ","Sm3"," ","Sm3"
"URD",2834734,2011," ","Sm3",1138913,"Sm3"," ","Sm3"," ","Sm3"
"URD",2834734,2012," ","Sm3",1268280,"Sm3"," ","Sm3"," ","Sm3"
"URD",2834734,2013," ","Sm3",1044674,"Sm3"," ","Sm3"," ","Sm3"
"URD",2834734,2014," ","Sm3",1647815,"Sm3"," ","Sm3"," ","Sm3"
"URD",2834734,2015," ","Sm3",947603,"Sm3"," ","Sm3"," ","Sm3"
"URD",2834734,2016," ","Sm3",687477,"Sm3"," ","Sm3"," ","Sm3"
"URD",2834734,2017," ","Sm3",1050491,"Sm3"," ","Sm3"," ","Sm3"
"URD",2834734,2018," ","Sm3",578530,"Sm3"," ","Sm3"," ","Sm3"
"URD",2834734,2019," ","Sm3",832024,"Sm3"," ","Sm3"," ","Sm3"
"URD",2834734,2020," ","Sm3",671563,"Sm3"," ","Sm3"," ","Sm3"
"URD",2834734,2021," ","Sm3",485385,"Sm3"," ","Sm3"," ","Sm3"
"URD",2834734,2022," ","Sm3",439224,"Sm3"," ","Sm3"," ","Sm3"
"URD",2834734,2023," ","Sm3",149146,"Sm3"," ","Sm3"," ","Sm3"
"URD",2834734,2024," ","Sm3",17498,"Sm3"," ","Sm3"," ","Sm3"
"VALEMON",20460969,2015," ","Sm3",30743,"Sm3"," ","Sm3"," ","Sm3"
"VALEMON",20460969,2016," ","Sm3",109838,"Sm3"," ","Sm3"," ","Sm3"
"VALEMON",20460969,2017," ","Sm3",79015,"Sm3"," ","Sm3"," ","Sm3"
"VALEMON",20460969,2018," ","Sm3",102740,"Sm3"," ","Sm3"," ","Sm3"
"VALEMON",20460969,2019," ","Sm3",107084,"Sm3"," ","Sm3"," ","Sm3"
"VALEMON",20460969,2020," ","Sm3",67790,"Sm3"," ","Sm3"," ","Sm3"
"VALEMON",20460969,2021," ","Sm3",50655,"Sm3"," ","Sm3"," ","Sm3"
"VALEMON",20460969,2022," ","Sm3",46037,"Sm3"," ","Sm3"," ","Sm3"
"VALEMON",20460969,2023," ","Sm3",39258,"Sm3"," ","Sm3"," ","Sm3"
"VALEMON",20460969,2024," ","Sm3",10568,"Sm3"," ","Sm3"," ","Sm3"
"VALHALL",43548,2008," ","Sm3",768603,"Sm3"," ","Sm3"," ","Sm3"
"VALHALL",43548,2009," ","Sm3",707255,"Sm3"," ","Sm3"," ","Sm3"
"VALHALL",43548,2010," ","Sm3",1633937,"Sm3"," ","Sm3"," ","Sm3"
"VALHALL",43548,2011," ","Sm3",1294308,"Sm3"," ","Sm3"," ","Sm3"
"VALHALL",43548,2012," ","Sm3",873567,"Sm3"," ","Sm3"," ","Sm3"
"VALHALL",43548,2013," ","Sm3",5433,"Sm3"," ","Sm3"," ","Sm3"
"VALHALL",43548,2014," ","Sm3",1179246,"Sm3"," ","Sm3"," ","Sm3"
"VALHALL",43548,2015," ","Sm3",1219637,"Sm3"," ","Sm3"," ","Sm3"
"VALHALL",43548,2016," ","Sm3",1553268,"Sm3"," ","Sm3"," ","Sm3"
"VALHALL",43548,2017," ","Sm3",1451301,"Sm3"," ","Sm3"," ","Sm3"
"VALHALL",43548,2018," ","Sm3",1358217,"Sm3"," ","Sm3"," ","Sm3"
"VALHALL",43548,2019," ","Sm3",1148297,"Sm3"," ","Sm3"," ","Sm3"
"VALHALL",43548,2020," ","Sm3",1258220,"Sm3"," ","Sm3"," ","Sm3"
"VALHALL",43548,2021," ","Sm3",1406136,"Sm3"," ","Sm3"," ","Sm3"
"VALHALL",43548,2022," ","Sm3",1681002,"Sm3"," ","Sm3"," ","Sm3"
"VALHALL",43548,2023," ","Sm3",1569349,"Sm3"," ","Sm3"," ","Sm3"
"VALHALL",43548,2024," ","Sm3",136533,"Sm3"," ","Sm3"," ","Sm3"
"VARG",43451,2000,334830670,"Sm3",396869,"Sm3"," ","Sm3"," ","Sm3"
"VARG",43451,2001,238343908,"Sm3",0,"Sm3"," ","Sm3"," ","Sm3"
"VARG",43451,2002,299683178,"Sm3",0,"Sm3"," ","Sm3"," ","Sm3"
"VARG",43451,2003,265390480,"Sm3",0,"Sm3"," ","Sm3"," ","Sm3"
"VARG",43451,2004,234747289,"Sm3",125122,"Sm3"," ","Sm3"," ","Sm3"
"VARG",43451,2005,244290206,"Sm3",1918262,"Sm3"," ","Sm3"," ","Sm3"
"VARG",43451,2006,238189522,"Sm3",2744604,"Sm3"," ","Sm3"," ","Sm3"
"VARG",43451,2007,178534500,"Sm3",2636625,"Sm3"," ","Sm3"," ","Sm3"
"VARG",43451,2008,217451942,"Sm3",2270245,"Sm3"," ","Sm3"," ","Sm3"
"VARG",43451,2009,370224381,"Sm3",1463829,"Sm3"," ","Sm3"," ","Sm3"
"VARG",43451,2010,239203062,"Sm3",2041944,"Sm3"," ","Sm3"," ","Sm3"
"VARG",43451,2011,220879045,"Sm3",1638310,"Sm3"," ","Sm3"," ","Sm3"
"VARG",43451,2012,241640319,"Sm3",1994884,"Sm3"," ","Sm3"," ","Sm3"
"VARG",43451,2013,261430796,"Sm3",1961700,"Sm3"," ","Sm3"," ","Sm3"
"VARG",43451,2014,149914630,"Sm3",2231259,"Sm3"," ","Sm3"," ","Sm3"
"VARG",43451,2015,236645883,"Sm3",2241129,"Sm3"," ","Sm3"," ","Sm3"
"VARG",43451,2016,16042345,"Sm3",756575,"Sm3"," ","Sm3"," ","Sm3"
"VESLEFRIKK",43618,2000,449870783,"Sm3",5878933,"Sm3"," ","Sm3"," ","Sm3"
"VESLEFRIKK",43618,2001,515477742,"Sm3",5649769,"Sm3"," ","Sm3"," ","Sm3"
"VESLEFRIKK",43618,2002,480250991,"Sm3",5339979,"Sm3"," ","Sm3"," ","Sm3"
"VESLEFRIKK",43618,2003,643608321,"Sm3",4924726,"Sm3"," ","Sm3"," ","Sm3"
"VESLEFRIKK",43618,2004,507510604,"Sm3",6297224,"Sm3"," ","Sm3"," ","Sm3"
"VESLEFRIKK",43618,2005,437744799,"Sm3",5362578,"Sm3"," ","Sm3"," ","Sm3"
"VESLEFRIKK",43618,2006,419555233,"Sm3",7017036,"Sm3"," ","Sm3"," ","Sm3"
"VESLEFRIKK",43618,2007,182185192,"Sm3",5368683,"Sm3"," ","Sm3"," ","Sm3"
"VESLEFRIKK",43618,2008,84823392,"Sm3",6085680,"Sm3"," ","Sm3"," ","Sm3"
"VESLEFRIKK",43618,2009,253370595,"Sm3",5885245,"Sm3"," ","Sm3"," ","Sm3"
"VESLEFRIKK",43618,2010,430959949,"Sm3",6403923,"Sm3"," ","Sm3"," ","Sm3"
"VESLEFRIKK",43618,2011,547097906,"Sm3",3730070,"Sm3"," ","Sm3"," ","Sm3"
"VESLEFRIKK",43618,2012,404368514,"Sm3",5370354,"Sm3"," ","Sm3"," ","Sm3"
"VESLEFRIKK",43618,2013,417666634,"Sm3",3033460,"Sm3"," ","Sm3"," ","Sm3"
"VESLEFRIKK",43618,2014,263518782,"Sm3",4237364,"Sm3"," ","Sm3"," ","Sm3"
"VESLEFRIKK",43618,2015,85030317,"Sm3",3861799,"Sm3"," ","Sm3"," ","Sm3"
"VESLEFRIKK",43618,2016,6259237,"Sm3",4028010,"Sm3"," ","Sm3"," ","Sm3"
"VESLEFRIKK",43618,2017,0,"Sm3",3094534,"Sm3"," ","Sm3"," ","Sm3"
"VESLEFRIKK",43618,2018,0,"Sm3",885994,"Sm3"," ","Sm3"," ","Sm3"
"VESLEFRIKK",43618,2019," ","Sm3",3484983,"Sm3"," ","Sm3"," ","Sm3"
"VESLEFRIKK",43618,2020," ","Sm3",980849,"Sm3"," ","Sm3"," ","Sm3"
"VESLEFRIKK",43618,2021," ","Sm3",0,"Sm3"," ","Sm3"," ","Sm3"
"VESLEFRIKK",43618,2022," ","Sm3",0,"Sm3"," ","Sm3"," ","Sm3"
"VIGDIS",43732,2000,0,"Sm3",4188609,"Sm3"," ","Sm3"," ","Sm3"
"VIGDIS",43732,2001,0,"Sm3",3389733,"Sm3"," ","Sm3"," ","Sm3"
"VIGDIS",43732,2002,0,"Sm3",3470755,"Sm3"," ","Sm3"," ","Sm3"
"VIGDIS",43732,2003,0,"Sm3",6381321,"Sm3"," ","Sm3"," ","Sm3"
"VIGDIS",43732,2004," ","Sm3",5738764,"Sm3"," ","Sm3"," ","Sm3"
"VIGDIS",43732,2005," ","Sm3",7692740,"Sm3"," ","Sm3"," ","Sm3"
"VIGDIS",43732,2006," ","Sm3",7123435,"Sm3"," ","Sm3"," ","Sm3"
"VIGDIS",43732,2007," ","Sm3",5664932,"Sm3"," ","Sm3"," ","Sm3"
"VIGDIS",43732,2008," ","Sm3",4981368,"Sm3"," ","Sm3"," ","Sm3"
"VIGDIS",43732,2009," ","Sm3",4422616,"Sm3"," ","Sm3"," ","Sm3"
"VIGDIS",43732,2010," ","Sm3",4566286,"Sm3"," ","Sm3"," ","Sm3"
"VIGDIS",43732,2011," ","Sm3",6827835,"Sm3"," ","Sm3"," ","Sm3"
"VIGDIS",43732,2012," ","Sm3",7488698,"Sm3"," ","Sm3"," ","Sm3"
"VIGDIS",43732,2013," ","Sm3",6960204,"Sm3"," ","Sm3"," ","Sm3"
"VIGDIS",43732,2014," ","Sm3",7981072,"Sm3"," ","Sm3"," ","Sm3"
"VIGDIS",43732,2015," ","Sm3",10463114,"Sm3"," ","Sm3"," ","Sm3"
"VIGDIS",43732,2016," ","Sm3",9063846,"Sm3"," ","Sm3"," ","Sm3"
"VIGDIS",43732,2017," ","Sm3",7335650,"Sm3"," ","Sm3"," ","Sm3"
"VIGDIS",43732,2018," ","Sm3",8855545,"Sm3"," ","Sm3"," ","Sm3"
"VIGDIS",43732,2019," ","Sm3",7563343,"Sm3"," ","Sm3"," ","Sm3"
"VIGDIS",43732,2020," ","Sm3",5051310,"Sm3"," ","Sm3"," ","Sm3"
"VIGDIS",43732,2021," ","Sm3",7809304,"Sm3"," ","Sm3"," ","Sm3"
"VIGDIS",43732,2022," ","Sm3",6922697,"Sm3"," ","Sm3"," ","Sm3"
"VIGDIS",43732,2023," ","Sm3",6712461,"Sm3"," ","Sm3"," ","Sm3"
"VIGDIS",43732,2024," ","Sm3",733115,"Sm3"," ","Sm3"," ","Sm3"
"VISUND",43745,2000,920622348,"Sm3",0,"Sm3"," ","Sm3"," ","Sm3"
"VISUND",43745,2001,1565905464,"Sm3",0,"Sm3"," ","Sm3"," ","Sm3"
"VISUND",43745,2002,2132924709,"Sm3",129723,"Sm3"," ","Sm3"," ","Sm3"
"VISUND",43745,2003,2514119264,"Sm3",359238,"Sm3"," ","Sm3"," ","Sm3"
"VISUND",43745,2004,2779554731,"Sm3",1008125,"Sm3"," ","Sm3"," ","Sm3"
"VISUND",43745,2005,1558616269,"Sm3",159859,"Sm3"," ","Sm3"," ","Sm3"
"VISUND",43745,2006,1441748097,"Sm3",535330,"Sm3"," ","Sm3"," ","Sm3"
"VISUND",43745,2007,3654157912,"Sm3",718651,"Sm3"," ","Sm3"," ","Sm3"
"VISUND",43745,2008,4031217326,"Sm3",324182,"Sm3"," ","Sm3"," ","Sm3"
"VISUND",43745,2009,3382917670,"Sm3",442297,"Sm3"," ","Sm3"," ","Sm3"
"VISUND",43745,2010,3318334137,"Sm3",1356131,"Sm3"," ","Sm3"," ","Sm3"
"VISUND",43745,2011,1778432963,"Sm3",35876,"Sm3"," ","Sm3"," ","Sm3"
"VISUND",43745,2012,2180792086,"Sm3",279506,"Sm3"," ","Sm3"," ","Sm3"
"VISUND",43745,2013,3118394020,"Sm3",283760,"Sm3"," ","Sm3"," ","Sm3"
"VISUND",43745,2014,3984009768,"Sm3",945957,"Sm3"," ","Sm3"," ","Sm3"
"VISUND",43745,2015,3251413822,"Sm3",725098,"Sm3"," ","Sm3"," ","Sm3"
"VISUND",43745,2016,2650186514,"Sm3",460538,"Sm3"," ","Sm3"," ","Sm3"
"VISUND",43745,2017,2140189744,"Sm3",605779,"Sm3"," ","Sm3"," ","Sm3"
"VISUND",43745,2018,1552361193,"Sm3",859454,"Sm3"," ","Sm3"," ","Sm3"
"VISUND",43745,2019,868007924,"Sm3",984211,"Sm3"," ","Sm3"," ","Sm3"
"VISUND",43745,2020,836440760,"Sm3",953320,"Sm3"," ","Sm3"," ","Sm3"
"VISUND",43745,2021,9485135,"Sm3",1173977,"Sm3"," ","Sm3"," ","Sm3"
"VISUND",43745,2022,0,"Sm3",1182089,"Sm3"," ","Sm3"," ","Sm3"
"VISUND",43745,2023,585805,"Sm3",1132765,"Sm3"," ","Sm3"," ","Sm3"
"VISUND",43745,2024,0,"Sm3",125831,"Sm3"," ","Sm3"," ","Sm3"
"VOLUND",4380167,2008," ","Sm3",0,"Sm3"," ","Sm3"," ","Sm3"
"VOLUND",4380167,2009," ","Sm3",0,"Sm3"," ","Sm3"," ","Sm3"
"VOLUND",4380167,2010," ","Sm3",159679,"Sm3"," ","Sm3"," ","Sm3"
"VOLUND",4380167,2011," ","Sm3",935231,"Sm3"," ","Sm3"," ","Sm3"
"VOLUND",4380167,2012," ","Sm3",1430299,"Sm3"," ","Sm3"," ","Sm3"
"VOLUND",4380167,2013," ","Sm3",1758206,"Sm3"," ","Sm3"," ","Sm3"
"VOLUND",4380167,2014," ","Sm3",1807669,"Sm3"," ","Sm3"," ","Sm3"
"VOLUND",4380167,2015," ","Sm3",1165504,"Sm3"," ","Sm3"," ","Sm3"
"VOLUND",4380167,2016," ","Sm3",1319685,"Sm3"," ","Sm3"," ","Sm3"
"VOLUND",4380167,2017," ","Sm3",779268,"Sm3"," ","Sm3"," ","Sm3"
"VOLUND",4380167,2018," ","Sm3",1392704,"Sm3"," ","Sm3"," ","Sm3"
"VOLUND",4380167,2019," ","Sm3",506338,"Sm3"," ","Sm3"," ","Sm3"
"VOLUND",4380167,2020," ","Sm3",758786,"Sm3"," ","Sm3"," ","Sm3"
"VOLUND",4380167,2021," ","Sm3",849408,"Sm3"," ","Sm3"," ","Sm3"
"VOLUND",4380167,2022," ","Sm3",559705,"Sm3"," ","Sm3"," ","Sm3"
"VOLUND",4380167,2023," ","Sm3",442940,"Sm3"," ","Sm3"," ","Sm3"
"VOLUND",4380167,2024," ","Sm3",43906,"Sm3"," ","Sm3"," ","Sm3"
"VOLVE",3420717,2008," ","Sm3",1722847,"Sm3"," ","Sm3"," ","Sm3"
"VOLVE",3420717,2009," ","Sm3",4392198,"Sm3"," ","Sm3"," ","Sm3"
"VOLVE",3420717,2010," ","Sm3",4569394,"Sm3"," ","Sm3"," ","Sm3"
"VOLVE",3420717,2011," ","Sm3",3442447,"Sm3"," ","Sm3"," ","Sm3"
"VOLVE",3420717,2012," ","Sm3",2975212,"Sm3"," ","Sm3"," ","Sm3"
"VOLVE",3420717,2013," ","Sm3",3462612,"Sm3"," ","Sm3"," ","Sm3"
"VOLVE",3420717,2014," ","Sm3",3842837,"Sm3"," ","Sm3"," ","Sm3"
"VOLVE",3420717,2015," ","Sm3",3201627,"Sm3"," ","Sm3"," ","Sm3"
"VOLVE",3420717,2016," ","Sm3",2052229,"Sm3"," ","Sm3"," ","Sm3"
"YME",43807,2000,23153972,"Sm3",426975,"Sm3"," ","Sm3"," ","Sm3"
"YME",43807,2001,1271787,"Sm3",67209,"Sm3"," ","Sm3"," ","Sm3"
"YME",43807,2021,0,"Sm3",0,"Sm3"," ","Sm3"," ","Sm3"
"YME",43807,2022,8668191,"Sm3",93,"Sm3"," ","Sm3"," ","Sm3"
"YME",43807,2023,14351123,"Sm3",455732,"Sm3"," ","Sm3"," ","Sm3"
"YME",43807,2024,1078787,"Sm3",64870,"Sm3"," ","Sm3"," ","Sm3"
"ÅSGARD",43765,2000,4911428934,"Sm3"," ","Sm3"," ","Sm3"," ","Sm3"
"ÅSGARD",43765,2001,5840146385,"Sm3"," ","Sm3"," ","Sm3"," ","Sm3"
"ÅSGARD",43765,2002,7793174539,"Sm3"," ","Sm3"," ","Sm3"," ","Sm3"
"ÅSGARD",43765,2003,9539779889,"Sm3"," ","Sm3"," ","Sm3"," ","Sm3"
"ÅSGARD",43765,2004,10934249169,"Sm3"," ","Sm3"," ","Sm3"," ","Sm3"
"ÅSGARD",43765,2005,10551198722,"Sm3"," ","Sm3"," ","Sm3"," ","Sm3"
"ÅSGARD",43765,2006,9241370945,"Sm3"," ","Sm3"," ","Sm3"," ","Sm3"
"ÅSGARD",43765,2007,8408552824,"Sm3"," ","Sm3"," ","Sm3"," ","Sm3"
"ÅSGARD",43765,2008,8526603693,"Sm3"," ","Sm3"," ","Sm3"," ","Sm3"
"ÅSGARD",43765,2009,7786014940,"Sm3"," ","Sm3"," ","Sm3"," ","Sm3"
"ÅSGARD",43765,2010,7146834495,"Sm3"," ","Sm3"," ","Sm3"," ","Sm3"
"ÅSGARD",43765,2011,4894594676,"Sm3"," ","Sm3"," ","Sm3"," ","Sm3"
"ÅSGARD",43765,2012,4805100245,"Sm3"," ","Sm3"," ","Sm3"," ","Sm3"
"ÅSGARD",43765,2013,3503036236,"Sm3"," ","Sm3"," ","Sm3"," ","Sm3"
"ÅSGARD",43765,2014,4335143186,"Sm3"," ","Sm3"," ","Sm3"," ","Sm3"
"ÅSGARD",43765,2015,4219537186,"Sm3"," ","Sm3"," ","Sm3"," ","Sm3"
"ÅSGARD",43765,2016,3904458148,"Sm3"," ","Sm3"," ","Sm3"," ","Sm3"
"ÅSGARD",43765,2017,3775886763,"Sm3"," ","Sm3"," ","Sm3"," ","Sm3"
"ÅSGARD",43765,2018,862592764,"Sm3"," ","Sm3"," ","Sm3"," ","Sm3"
"ÅSGARD",43765,2019,400879662,"Sm3"," ","Sm3"," ","Sm3"," ","Sm3"
"ÅSGARD",43765,2020,1140466549,"Sm3"," ","Sm3"," ","Sm3"," ","Sm3"
"ÅSGARD",43765,2021,502704882,"Sm3"," ","Sm3"," ","Sm3"," ","Sm3"
"ÅSGARD",43765,2022,286805479,"Sm3"," ","Sm3"," ","Sm3"," ","Sm3"
"ÅSGARD",43765,2023,248091959,"Sm3"," ","Sm3"," ","Sm3"," ","Sm3"
"ÅSGARD",43765,2024,27659028,"Sm3"," ","Sm3"," ","Sm3"," ","Sm3"