fldName,cmpLongName,fldCurrentActivitySatus,wlbName,wlbCompletionDate,fldMainArea,fldOwnerKind,fldOwnerName,fldMainSupplyBase,fldHcType,fldNpdidOwner,fldNpdidField,wlbNpdidWellbore,cmpNpdidCompany,fldFactPageUrl,fldFactMapUrl,fldDateUpdated,fldDateUpdatedMax,DatesyncNPD
ALBUSKJELL,ConocoPhillips Skandinavia AS,Shut down,1/6-1,26.11.1972,North sea,PRODUCTION LICENSE,018,,GAS/CONDENSATE,20900.0,43437,239,2410696.0,https://factpages.sodir.no/factpages/default.aspx?nav1=field&nav2=PageView|All&nav3=43437,https://factmaps.sodir.no/factmaps/3_0/?run=FieldByNPDID&NPDID=43437,02.01.2024,02.01.2024,14.04.2024
ALVE,Equinor Energy AS,Producing,6507/3-1,26.10.1990,Norwegian sea,PRODUCTION LICENSE,159 B,Sandnessjøen,GAS/CONDENSATE,2819945.0,4444332,1533,32011216.0,https://factpages.sodir.no/factpages/default.aspx?nav1=field&nav2=PageView|All&nav3=4444332,https://factmaps.sodir.no/factmaps/3_0/?run=FieldByNPDID&NPDID=4444332,02.01.2024,02.01.2024,14.04.2024
ALVE NORD,Aker BP ASA,Approved for production,6607/12-2 S,25.10.2011,Norwegian sea,PRODUCTION LICENSE,127 C,,OIL/GAS,29427330.0,42002483,6642,28544099.0,https://factpages.sodir.no/factpages/default.aspx?nav1=field&nav2=PageView|All&nav3=42002483,https://factmaps.sodir.no/factmaps/3_0/?run=FieldByNPDID&NPDID=42002483,02.01.2024,02.01.2024,14.04.2024
ALVHEIM,Aker BP ASA,Producing,24/6-2,08.07.1998,North sea,PRODUCTION LICENSE,203,,OIL/GAS,22436.0,2845712,3397,28544099.0,https://factpages.sodir.no/factpages/default.aspx?nav1=field&nav2=PageView|All&nav3=2845712,https://factmaps.sodir.no/factmaps/3_0/?run=FieldByNPDID&NPDID=2845712,03.04.2024,02.01.2024,14.04.2024
ATLA,TotalEnergies EP Norge AS,Shut down,25/5-7,23.10.2010,North sea,PRODUCTION LICENSE,102 C,,GAS/CONDENSATE,5467035.0,21106284,6423,35000016.0,https://factpages.sodir.no/factpages/default.aspx?nav1=field&nav2=PageView|All&nav3=21106284,https://factmaps.sodir.no/factmaps/3_0/?run=FieldByNPDID&NPDID=21106284,02.01.2024,02.01.2024,14.04.2024
BALDER,Vår Energi ASA,Producing,25/11-1,09.07.1967,North sea,PRODUCTION LICENSE,001,Dusavik,OIL,20756.0,43562,143,50000032.0,https://factpages.sodir.no/factpages/default.aspx?nav1=field&nav2=PageView|All&nav3=43562,https://factmaps.sodir.no/factmaps/3_0/?run=FieldByNPDID&NPDID=43562,03.04.2024,24.02.2024,14.04.2024
BAUGE,Equinor Energy AS,Producing,6407/8-6,20.10.2013,Norwegian sea,PRODUCTION LICENSE,348,Kristiansund,OIL,2987047.0,29446221,7265,32011216.0,https://factpages.sodir.no/factpages/default.aspx?nav1=field&nav2=PageView|All&nav3=29446221,https://factmaps.sodir.no/factmaps/3_0/?run=FieldByNPDID&NPDID=29446221,02.01.2024,18.02.2024,14.04.2024
BERLING,OMV (Norge) AS,Approved for production,6506/11-10,17.04.2018,Norwegian sea,PRODUCTION LICENSE,644 B,Kristiansund,GAS/CONDENSATE,27434494.0,42002473,8317,4460594.0,https://factpages.sodir.no/factpages/default.aspx?nav1=field&nav2=PageView|All&nav3=42002473,https://factmaps.sodir.no/factmaps/3_0/?run=FieldByNPDID&NPDID=42002473,03.04.2024,02.01.2024,14.04.2024
BLANE,Repsol Norge AS,Producing,1/2-1,04.06.1989,North sea,BUSINESS ARRANGEMENT AREA,BLANE UNIT,,OIL,3437667.0,3437650,1382,27052812.0,https://factpages.sodir.no/factpages/default.aspx?nav1=field&nav2=PageView|All&nav3=3437650,https://factmaps.sodir.no/factmaps/3_0/?run=FieldByNPDID&NPDID=3437650,02.01.2024,06.01.2024,14.04.2024
BRAGE,OKEA ASA,Producing,31/4-3,11.05.1980,North sea,BUSINESS ARRANGEMENT AREA,BRAGE UNIT,Mongstad,OIL,40432.0,43651,402,34925006.0,https://factpages.sodir.no/factpages/default.aspx?nav1=field&nav2=PageView|All&nav3=43651,https://factmaps.sodir.no/factmaps/3_0/?run=FieldByNPDID&NPDID=43651,03.04.2024,06.01.2024,14.04.2024
BREIDABLIKK,Equinor Energy AS,Producing,25/8-4,11.08.1992,North sea,BUSINESS ARRANGEMENT AREA,BREIDABLIKK UNIT,Dusavik,OIL,39099356.0,38702206,1986,32011216.0,https://factpages.sodir.no/factpages/default.aspx?nav1=field&nav2=PageView|All&nav3=38702206,https://factmaps.sodir.no/factmaps/3_0/?run=FieldByNPDID&NPDID=38702206,02.01.2024,02.01.2024,14.04.2024
BRYNHILD,,Shut down,7/7-2,25.04.1992,North sea,,,,OIL,,21123063,1868,,https://factpages.sodir.no/factpages/default.aspx?nav1=field&nav2=PageView|All&nav3=21123063,https://factmaps.sodir.no/factmaps/3_0/?run=FieldByNPDID&NPDID=21123063,02.01.2024,02.01.2024,14.04.2024
BYRDING,Equinor Energy AS,Producing,35/11-13,28.05.2005,North sea,PRODUCTION LICENSE,090 B,Mongstad,OIL/GAS,3426781.0,28975067,5063,32011216.0,https://factpages.sodir.no/factpages/default.aspx?nav1=field&nav2=PageView|All&nav3=28975067,https://factmaps.sodir.no/factmaps/3_0/?run=FieldByNPDID&NPDID=28975067,02.01.2024,18.02.2024,14.04.2024
BØYLA,Aker BP ASA,Producing,24/9-9 S,07.10.2009,North sea,PRODUCTION LICENSE,340,,OIL,2986630.0,22492497,6222,28544099.0,https://factpages.sodir.no/factpages/default.aspx?nav1=field&nav2=PageView|All&nav3=22492497,https://factmaps.sodir.no/factmaps/3_0/?run=FieldByNPDID&NPDID=22492497,03.04.2024,02.01.2024,14.04.2024
COD,,Shut down,7/11-1,15.06.1968,North sea,,,,GAS/CONDENSATE,,43785,149,,https://factpages.sodir.no/factpages/default.aspx?nav1=field&nav2=PageView|All&nav3=43785,https://factmaps.sodir.no/factmaps/3_0/?run=FieldByNPDID&NPDID=43785,02.01.2024,02.01.2024,14.04.2024
DRAUGEN,OKEA ASA,Producing,6407/9-1,07.09.1984,Norwegian sea,PRODUCTION LICENSE,093,Kristiansund,OIL,21548.0,43758,133,34925006.0,https://factpages.sodir.no/factpages/default.aspx?nav1=field&nav2=PageView|All&nav3=43758,https://factmaps.sodir.no/factmaps/3_0/?run=FieldByNPDID&NPDID=43758,02.01.2024,01.03.2024,14.04.2024
DUVA,Vår Energi Norge AS,Producing,36/7-4,26.09.2016,North sea,PRODUCTION LICENSE,636,Florø,OIL/GAS,21561151.0,34833026,7988,50000114.0,https://factpages.sodir.no/factpages/default.aspx?nav1=field&nav2=PageView|All&nav3=34833026,https://factmaps.sodir.no/factmaps/3_0/?run=FieldByNPDID&NPDID=34833026,16.02.2024,18.02.2024,14.04.2024
DVALIN,Wintershall Dea Norge AS,Producing,6507/7-14 S,26.09.2010,Norwegian sea,PRODUCTION LICENSE,435,Kristiansund,GAS,4238696.0,29393934,6367,35318843.0,https://factpages.sodir.no/factpages/default.aspx?nav1=field&nav2=PageView|All&nav3=29393934,https://factmaps.sodir.no/factmaps/3_0/?run=FieldByNPDID&NPDID=29393934,02.01.2024,02.01.2024,14.04.2024
EDDA,ConocoPhillips Skandinavia AS,Shut down,2/7-4,03.09.1972,North sea,PRODUCTION LICENSE,018,,OIL,20900.0,43541,263,2410696.0,https://factpages.sodir.no/factpages/default.aspx?nav1=field&nav2=PageView|All&nav3=43541,https://factmaps.sodir.no/factmaps/3_0/?run=FieldByNPDID&NPDID=43541,02.01.2024,02.01.2024,14.04.2024
EDVARD GRIEG,Aker BP ASA,Producing,16/1-8,13.11.2007,North sea,PRODUCTION LICENSE,338,Tananger,OIL,2986578.0,21675433,5612,28544099.0,https://factpages.sodir.no/factpages/default.aspx?nav1=field&nav2=PageView|All&nav3=21675433,https://factmaps.sodir.no/factmaps/3_0/?run=FieldByNPDID&NPDID=21675433,02.01.2024,28.02.2024,14.04.2024
EIRIN,Equinor Energy AS,Approved for production,15/5-2,16.12.1978,North sea,PRODUCTION LICENSE,048 E,Dusavik,GAS,18450020.0,42002492,316,32011216.0,https://factpages.sodir.no/factpages/default.aspx?nav1=field&nav2=PageView|All&nav3=42002492,https://factmaps.sodir.no/factmaps/3_0/?run=FieldByNPDID&NPDID=42002492,18.01.2024,01.02.2024,14.04.2024
EKOFISK,ConocoPhillips Skandinavia AS,Producing,2/4-2,24.12.1969,North sea,PRODUCTION LICENSE,018,Tananger,OIL,20900.0,43506,172,2410696.0,https://factpages.sodir.no/factpages/default.aspx?nav1=field&nav2=PageView|All&nav3=43506,https://factmaps.sodir.no/factmaps/3_0/?run=FieldByNPDID&NPDID=43506,02.01.2024,29.02.2024,14.04.2024
ELDFISK,ConocoPhillips Skandinavia AS,Producing,2/7-1,11.12.1970,North sea,PRODUCTION LICENSE,018,Tananger,OIL,20900.0,43527,179,2410696.0,https://factpages.sodir.no/factpages/default.aspx?nav1=field&nav2=PageView|All&nav3=43527,https://factmaps.sodir.no/factmaps/3_0/?run=FieldByNPDID&NPDID=43527,02.01.2024,29.02.2024,14.04.2024
EMBLA,ConocoPhillips Skandinavia AS,Producing,2/7-20,25.06.1988,North sea,PRODUCTION LICENSE,018,Tananger,OIL,20900.0,43534,1062,2410696.0,https://factpages.sodir.no/factpages/default.aspx?nav1=field&nav2=PageView|All&nav3=43534,https://factmaps.sodir.no/factmaps/3_0/?run=FieldByNPDID&NPDID=43534,02.01.2024,02.01.2024,14.04.2024
ENOCH,Repsol Sinopec North Sea Limited,Producing,?,,North sea,BUSINESS ARRANGEMENT AREA,ENOCH UNIT,,OIL,3437805.0,3437659,0,28222425.0,https://factpages.sodir.no/factpages/default.aspx?nav1=field&nav2=PageView|All&nav3=3437659,https://factmaps.sodir.no/factmaps/3_0/?run=FieldByNPDID&NPDID=3437659,02.01.2024,07.01.2024,14.04.2024
FENJA,Vår Energi Norge AS,Producing,6406/12-3 S,26.04.2014,Norwegian sea,PRODUCTION LICENSE,586,Kristiansund,OIL/GAS,20109200.0,31164879,7322,50000114.0,https://factpages.sodir.no/factpages/default.aspx?nav1=field&nav2=PageView|All&nav3=31164879,https://factmaps.sodir.no/factmaps/3_0/?run=FieldByNPDID&NPDID=31164879,16.02.2024,18.02.2024,14.04.2024
FENRIS,Aker BP ASA,Approved for production,2/4-21,24.05.2012,North sea,PRODUCTION LICENSE,146,Tananger,GAS/CONDENSATE,21980.0,42002478,6736,28544099.0,https://factpages.sodir.no/factpages/default.aspx?nav1=field&nav2=PageView|All&nav3=42002478,https://factmaps.sodir.no/factmaps/3_0/?run=FieldByNPDID&NPDID=42002478,02.01.2024,02.01.2024,14.04.2024
FLYNDRE,Repsol Sinopec Resources UK Limited,Shut down,1/5-2,15.04.1974,North sea,BUSINESS ARRANGEMENT AREA,FLYNDRE UNIT,,OIL,29395339.0,24635035,238,28222413.0,https://factpages.sodir.no/factpages/default.aspx?nav1=field&nav2=PageView|All&nav3=24635035,https://factmaps.sodir.no/factmaps/3_0/?run=FieldByNPDID&NPDID=24635035,02.01.2024,02.01.2024,14.04.2024
FRAM,Equinor Energy AS,Producing,35/11-4,29.12.1990,North sea,PRODUCTION LICENSE,090,Mongstad,OIL/GAS,21524.0,1578840,1523,32011216.0,https://factpages.sodir.no/factpages/default.aspx?nav1=field&nav2=PageView|All&nav3=1578840,https://factmaps.sodir.no/factmaps/3_0/?run=FieldByNPDID&NPDID=1578840,03.04.2024,18.02.2024,14.04.2024
FRAM H-NORD,Equinor Energy AS,Producing,35/11-15 S,28.06.2007,North sea,BUSINESS ARRANGEMENT AREA,FRAM H-NORD UNIT,Mongstad,OIL,23410876.0,23410947,5517,32011216.0,https://factpages.sodir.no/factpages/default.aspx?nav1=field&nav2=PageView|All&nav3=23410947,https://factmaps.sodir.no/factmaps/3_0/?run=FieldByNPDID&NPDID=23410947,02.01.2024,18.02.2024,14.04.2024
FRIGG,,Shut down,25/1-1,22.07.1971,North sea,,,,GAS,,43555,190,,https://factpages.sodir.no/factpages/default.aspx?nav1=field&nav2=PageView|All&nav3=43555,https://factmaps.sodir.no/factmaps/3_0/?run=FieldByNPDID&NPDID=43555,23.01.2024,23.01.2024,14.04.2024
FRØY,Aker BP ASA,Shut down,25/5-1,01.08.1987,North sea,PRODUCTION LICENSE,364,,OIL,3810636.0,43597,884,28544099.0,https://factpages.sodir.no/factpages/default.aspx?nav1=field&nav2=PageView|All&nav3=43597,https://factmaps.sodir.no/factmaps/3_0/?run=FieldByNPDID&NPDID=43597,02.01.2024,02.01.2024,14.04.2024
FULLA,Aker BP ASA,Approved for production,30/11-7,03.02.2009,North sea,PRODUCTION LICENSE,873,,OIL/CONDENSATE,28973585.0,42002479,5919,28544099.0,https://factpages.sodir.no/factpages/default.aspx?nav1=field&nav2=PageView|All&nav3=42002479,https://factmaps.sodir.no/factmaps/3_0/?run=FieldByNPDID&NPDID=42002479,02.01.2024,02.01.2024,14.04.2024
GAUPE,,Shut down,6/3-1,01.02.1985,North sea,,,,OIL/GAS,,18161341,450,,https://factpages.sodir.no/factpages/default.aspx?nav1=field&nav2=PageView|All&nav3=18161341,https://factmaps.sodir.no/factmaps/3_0/?run=FieldByNPDID&NPDID=18161341,02.01.2024,02.01.2024,14.04.2024
GIMLE,Equinor Energy AS,Producing,34/10-48 S,22.12.2004,North sea,BUSINESS ARRANGEMENT AREA,BRIME UNIT,Mongstad,OIL,41319867.0,4005142,4902,32011216.0,https://factpages.sodir.no/factpages/default.aspx?nav1=field&nav2=PageView|All&nav3=4005142,https://factmaps.sodir.no/factmaps/3_0/?run=FieldByNPDID&NPDID=4005142,02.01.2024,02.01.2024,14.04.2024
GINA KROG,Equinor Energy AS,Producing,15/5-1,08.04.1978,North sea,BUSINESS ARRANGEMENT AREA,GINA KROG UNIT,Dusavik,OIL/GAS,23412556.0,23384544,315,32011216.0,https://factpages.sodir.no/factpages/default.aspx?nav1=field&nav2=PageView|All&nav3=23384544,https://factmaps.sodir.no/factmaps/3_0/?run=FieldByNPDID&NPDID=23384544,02.01.2024,01.03.2024,14.04.2024
GJØA,Vår Energi Norge AS,Producing,35/9-1,07.05.1989,North sea,PRODUCTION LICENSE,153,Florø,OIL/GAS,22036.0,4467574,1375,50000114.0,https://factpages.sodir.no/factpages/default.aspx?nav1=field&nav2=PageView|All&nav3=4467574,https://factmaps.sodir.no/factmaps/3_0/?run=FieldByNPDID&NPDID=4467574,03.04.2024,01.03.2024,14.04.2024
GLITNE,Equinor Energy AS,Shut down,15/5-5,05.10.1995,North sea,PRODUCTION LICENSE,1140,Dusavik,OIL,38723926.0,1272071,2635,32011216.0,https://factpages.sodir.no/factpages/default.aspx?nav1=field&nav2=PageView|All&nav3=1272071,https://factmaps.sodir.no/factmaps/3_0/?run=FieldByNPDID&NPDID=1272071,02.01.2024,02.01.2024,14.04.2024
GOLIAT,Vår Energi ASA,Producing,7122/7-1,05.10.2000,Barents sea,PRODUCTION LICENSE,229,Hammerfest,OIL,22644.0,5774394,4173,50000032.0,https://factpages.sodir.no/factpages/default.aspx?nav1=field&nav2=PageView|All&nav3=5774394,https://factmaps.sodir.no/factmaps/3_0/?run=FieldByNPDID&NPDID=5774394,03.04.2024,01.03.2024,14.04.2024
GRANE,Equinor Energy AS,Producing,25/11-15,25.12.1991,North sea,BUSINESS ARRANGEMENT AREA,GRANE UNIT,Dusavik,OIL,1031365.0,1035937,1872,32011216.0,https://factpages.sodir.no/factpages/default.aspx?nav1=field&nav2=PageView|All&nav3=1035937,https://factmaps.sodir.no/factmaps/3_0/?run=FieldByNPDID&NPDID=1035937,02.01.2024,01.03.2024,14.04.2024
GUDRUN,Equinor Energy AS,Producing,15/3-1 S,06.07.1975,North sea,PRODUCTION LICENSE,025,Dusavik,GAS/CONDENSATE,34512.0,18116481,309,32011216.0,https://factpages.sodir.no/factpages/default.aspx?nav1=field&nav2=PageView|All&nav3=18116481,https://factmaps.sodir.no/factmaps/3_0/?run=FieldByNPDID&NPDID=18116481,02.01.2024,01.03.2024,14.04.2024
GULLFAKS,Equinor Energy AS,Producing,34/10-1,08.09.1978,North sea,PRODUCTION LICENSE,050,Mongstad,OIL,21188.0,43686,424,32011216.0,https://factpages.sodir.no/factpages/default.aspx?nav1=field&nav2=PageView|All&nav3=43686,https://factmaps.sodir.no/factmaps/3_0/?run=FieldByNPDID&NPDID=43686,03.04.2024,01.03.2024,14.04.2024
GULLFAKS SØR,Equinor Energy AS,Producing,34/10-2,08.12.1978,North sea,PRODUCTION LICENSE,050,Mongstad,OIL/GAS,21188.0,43699,425,32011216.0,https://factpages.sodir.no/factpages/default.aspx?nav1=field&nav2=PageView|All&nav3=43699,https://factmaps.sodir.no/factmaps/3_0/?run=FieldByNPDID&NPDID=43699,03.04.2024,14.03.2024,14.04.2024
GUNGNE,Equinor Energy AS,Producing,15/9-15,01.08.1982,North sea,PRODUCTION LICENSE,046,Dusavik,GAS,21156.0,43464,74,32011216.0,https://factpages.sodir.no/factpages/default.aspx?nav1=field&nav2=PageView|All&nav3=43464,https://factmaps.sodir.no/factmaps/3_0/?run=FieldByNPDID&NPDID=43464,02.01.2024,01.02.2024,14.04.2024
GYDA,,Shut down,2/1-3,29.03.1980,North sea,,,Tananger,OIL,,43492,251,,https://factpages.sodir.no/factpages/default.aspx?nav1=field&nav2=PageView|All&nav3=43492,https://factmaps.sodir.no/factmaps/3_0/?run=FieldByNPDID&NPDID=43492,03.04.2024,02.01.2024,14.04.2024
HALTEN ØST,Equinor Energy AS,Approved for production,6507/11-6,08.07.2001,Norwegian sea,BUSINESS ARRANGEMENT AREA,HALTEN ØST UNIT,Kristiansund,GAS/CONDENSATE,38215610.0,42148955,4321,32011216.0,https://factpages.sodir.no/factpages/default.aspx?nav1=field&nav2=PageView|All&nav3=42148955,https://factmaps.sodir.no/factmaps/3_0/?run=FieldByNPDID&NPDID=42148955,03.04.2024,02.01.2024,14.04.2024
HANZ,Aker BP ASA,Approved for production,25/10-8,07.04.1997,North sea,PRODUCTION LICENSE,028 B,Tananger,OIL/GAS,917484.0,25307278,2955,28544099.0,https://factpages.sodir.no/factpages/default.aspx?nav1=field&nav2=PageView|All&nav3=25307278,https://factmaps.sodir.no/factmaps/3_0/?run=FieldByNPDID&NPDID=25307278,02.01.2024,01.03.2024,14.04.2024
HEIDRUN,Equinor Energy AS,Producing,6507/7-2,10.06.1985,Norwegian sea,BUSINESS ARRANGEMENT AREA,HEIDRUN UNIT,Kristiansund,OIL/GAS,40490.0,43771,464,32011216.0,https://factpages.sodir.no/factpages/default.aspx?nav1=field&nav2=PageView|All&nav3=43771,https://factmaps.sodir.no/factmaps/3_0/?run=FieldByNPDID&NPDID=43771,02.01.2024,01.03.2024,14.04.2024
HEIMDAL,Equinor Energy AS,Shut down,25/4-1,09.12.1972,North sea,PRODUCTION LICENSE,036 BS,Dusavik,OIL/GAS,2473189.0,43590,359,32011216.0,https://factpages.sodir.no/factpages/default.aspx?nav1=field&nav2=PageView|All&nav3=43590,https://factmaps.sodir.no/factmaps/3_0/?run=FieldByNPDID&NPDID=43590,02.01.2024,01.03.2024,14.04.2024
HOD,Aker BP ASA,Producing,2/11-2,29.12.1974,North sea,PRODUCTION LICENSE,033,Tananger,OIL,21052.0,43485,285,28544099.0,https://factpages.sodir.no/factpages/default.aspx?nav1=field&nav2=PageView|All&nav3=43485,https://factmaps.sodir.no/factmaps/3_0/?run=FieldByNPDID&NPDID=43485,02.01.2024,01.03.2024,14.04.2024
HUGIN,Aker BP ASA,Approved for production,25/2-10 S,19.03.1986,North sea,PRODUCTION LICENSE,442,,OIL/GAS,4237510.0,42002474,855,28544099.0,https://factpages.sodir.no/factpages/default.aspx?nav1=field&nav2=PageView|All&nav3=42002474,https://factmaps.sodir.no/factmaps/3_0/?run=FieldByNPDID&NPDID=42002474,03.04.2024,24.01.2024,14.04.2024
HULDRA,Equinor Energy AS,Shut down,30/2-1,12.10.1982,North sea,PRODUCTION LICENSE,878,Mongstad,GAS/CONDENSATE,28973861.0,97002,72,32011216.0,https://factpages.sodir.no/factpages/default.aspx?nav1=field&nav2=PageView|All&nav3=97002,https://factmaps.sodir.no/factmaps/3_0/?run=FieldByNPDID&NPDID=97002,02.01.2024,01.03.2024,14.04.2024
HYME,Equinor Energy AS,Producing,6407/8-5 S,26.05.2009,Norwegian sea,PRODUCTION LICENSE,348,Kristiansund,OIL,2987047.0,20474183,6110,32011216.0,https://factpages.sodir.no/factpages/default.aspx?nav1=field&nav2=PageView|All&nav3=20474183,https://factmaps.sodir.no/factmaps/3_0/?run=FieldByNPDID&NPDID=20474183,02.01.2024,18.02.2024,14.04.2024
IDUN NORD,Aker BP ASA,Approved for production,6507/3-7,22.07.2009,Norwegian sea,PRODUCTION LICENSE,159 D,,GAS,4939421.0,42002477,6123,28544099.0,https://factpages.sodir.no/factpages/default.aspx?nav1=field&nav2=PageView|All&nav3=42002477,https://factmaps.sodir.no/factmaps/3_0/?run=FieldByNPDID&NPDID=42002477,02.01.2024,02.01.2024,14.04.2024
IRPA,Equinor Energy AS,Approved for production,6705/10-1,19.03.2009,Norwegian sea,PRODUCTION LICENSE,327 B,,GAS,4720054.0,42002482,6044,32011216.0,https://factpages.sodir.no/factpages/default.aspx?nav1=field&nav2=PageView|All&nav3=42002482,https://factmaps.sodir.no/factmaps/3_0/?run=FieldByNPDID&NPDID=42002482,13.03.2024,02.01.2024,14.04.2024
ISLAY,TotalEnergies E&P UK Limited,Producing,?,,North sea,BUSINESS ARRANGEMENT AREA,ISLAY UNIT,,GAS,27122635.0,21105675,0,35000018.0,https://factpages.sodir.no/factpages/default.aspx?nav1=field&nav2=PageView|All&nav3=21105675,https://factmaps.sodir.no/factmaps/3_0/?run=FieldByNPDID&NPDID=21105675,02.01.2024,02.01.2024,14.04.2024
IVAR AASEN,Aker BP ASA,Producing,16/1-9,22.04.2008,North sea,BUSINESS ARRANGEMENT AREA,IVAR AASEN UNIT,Tananger,OIL,25307128.0,23384520,5773,28544099.0,https://factpages.sodir.no/factpages/default.aspx?nav1=field&nav2=PageView|All&nav3=23384520,https://factmaps.sodir.no/factmaps/3_0/?run=FieldByNPDID&NPDID=23384520,02.01.2024,01.03.2024,14.04.2024
JETTE,,Shut down,25/8-17,29.10.2009,North sea,,,,OIL,,21613906,6185,,https://factpages.sodir.no/factpages/default.aspx?nav1=field&nav2=PageView|All&nav3=21613906,https://factmaps.sodir.no/factmaps/3_0/?run=FieldByNPDID&NPDID=21613906,02.01.2024,02.01.2024,14.04.2024
JOHAN CASTBERG,Equinor Energy AS,Approved for production,7220/8-1,02.05.2011,Barents sea,PRODUCTION LICENSE,532,Hammerfest,OIL/GAS,5463659.0,32017325,6484,32011216.0,https://factpages.sodir.no/factpages/default.aspx?nav1=field&nav2=PageView|All&nav3=32017325,https://factmaps.sodir.no/factmaps/3_0/?run=FieldByNPDID&NPDID=32017325,02.01.2024,01.03.2024,14.04.2024
JOHAN SVERDRUP,Equinor Energy AS,Producing,16/2-6,20.09.2010,North sea,BUSINESS ARRANGEMENT AREA,JOHAN SVERDRUP UNIT,Dusavik,OIL,26312510.0,26376286,6374,32011216.0,https://factpages.sodir.no/factpages/default.aspx?nav1=field&nav2=PageView|All&nav3=26376286,https://factmaps.sodir.no/factmaps/3_0/?run=FieldByNPDID&NPDID=26376286,02.01.2024,28.02.2024,14.04.2024
JOTUN,Vår Energi ASA,Shut down,25/8-5 S,22.09.1994,North sea,PRODUCTION LICENSE,1203,Dusavik,OIL,38724022.0,43604,2390,50000032.0,https://factpages.sodir.no/factpages/default.aspx?nav1=field&nav2=PageView|All&nav3=43604,https://factmaps.sodir.no/factmaps/3_0/?run=FieldByNPDID&NPDID=43604,04.04.2024,23.03.2024,14.04.2024
KNARR,,Shut down,34/3-1 S,10.09.2008,North sea,,,Florø,OIL,,20460988,5811,,https://factpages.sodir.no/factpages/default.aspx?nav1=field&nav2=PageView|All&nav3=20460988,https://factmaps.sodir.no/factmaps/3_0/?run=FieldByNPDID&NPDID=20460988,02.01.2024,01.03.2024,14.04.2024
KRISTIN,Equinor Energy AS,Producing,6406/2-3,15.04.1997,Norwegian sea,BUSINESS ARRANGEMENT AREA,HALTENBANKEN VEST UNIT,Kristiansund,GAS/CONDENSATE,1854695.0,1854729,2849,32011216.0,https://factpages.sodir.no/factpages/default.aspx?nav1=field&nav2=PageView|All&nav3=1854729,https://factmaps.sodir.no/factmaps/3_0/?run=FieldByNPDID&NPDID=1854729,03.04.2024,01.03.2024,14.04.2024
KVITEBJØRN,Equinor Energy AS,Producing,34/11-1,25.10.1994,North sea,PRODUCTION LICENSE,193,Mongstad,GAS/CONDENSATE,22356.0,1036101,2377,32011216.0,https://factpages.sodir.no/factpages/default.aspx?nav1=field&nav2=PageView|All&nav3=1036101,https://factmaps.sodir.no/factmaps/3_0/?run=FieldByNPDID&NPDID=1036101,02.01.2024,01.03.2024,14.04.2024
LILLE-FRIGG,Aker BP ASA,Shut down,25/2-4,20.10.1975,North sea,PRODUCTION LICENSE,873,,GAS/CONDENSATE,28973585.0,43583,356,28544099.0,https://factpages.sodir.no/factpages/default.aspx?nav1=field&nav2=PageView|All&nav3=43583,https://factmaps.sodir.no/factmaps/3_0/?run=FieldByNPDID&NPDID=43583,02.01.2024,02.01.2024,14.04.2024
MARIA,Wintershall Dea Norge AS,Producing,6406/3-8,10.08.2010,Norwegian sea,PRODUCTION LICENSE,475 BS,,OIL,5107669.0,26465170,6350,35318843.0,https://factpages.sodir.no/factpages/default.aspx?nav1=field&nav2=PageView|All&nav3=26465170,https://factmaps.sodir.no/factmaps/3_0/?run=FieldByNPDID&NPDID=26465170,02.01.2024,02.01.2024,14.04.2024
MARTIN LINGE,Equinor Energy AS,Producing,30/7-6 R,03.06.1978,North sea,BUSINESS ARRANGEMENT AREA,MARTIN LINGE UNIT,Tananger/Dusavik,OIL/GAS,3812119.0,21675447,507,32011216.0,https://factpages.sodir.no/factpages/default.aspx?nav1=field&nav2=PageView|All&nav3=21675447,https://factmaps.sodir.no/factmaps/3_0/?run=FieldByNPDID&NPDID=21675447,02.01.2024,15.03.2024,14.04.2024
MARULK,Vår Energi ASA,Producing,6507/2-2,16.03.1992,Norwegian sea,PRODUCTION LICENSE,122,Sandnessjøen,GAS,21788.0,18212090,1840,50000032.0,https://factpages.sodir.no/factpages/default.aspx?nav1=field&nav2=PageView|All&nav3=18212090,https://factmaps.sodir.no/factmaps/3_0/?run=FieldByNPDID&NPDID=18212090,02.01.2024,02.01.2024,14.04.2024
MIKKEL,Equinor Energy AS,Producing,6407/6-3,16.02.1987,Norwegian sea,BUSINESS ARRANGEMENT AREA,MIKKEL UNIT,Kristiansund,GAS/CONDENSATE,1629477.0,1630514,1024,32011216.0,https://factpages.sodir.no/factpages/default.aspx?nav1=field&nav2=PageView|All&nav3=1630514,https://factmaps.sodir.no/factmaps/3_0/?run=FieldByNPDID&NPDID=1630514,02.01.2024,02.01.2024,14.04.2024
MIME,,Shut down,7/11-5,10.06.1982,North sea,,,,OIL,,43792,42,,https://factpages.sodir.no/factpages/default.aspx?nav1=field&nav2=PageView|All&nav3=43792,https://factmaps.sodir.no/factmaps/3_0/?run=FieldByNPDID&NPDID=43792,02.01.2024,02.01.2024,14.04.2024
MORVIN,Equinor Energy AS,Producing,6506/11-7,27.07.2001,Norwegian sea,PRODUCTION LICENSE,134 B,Kristiansund,OIL/GAS,1025257.0,4966234,3322,32011216.0,https://factpages.sodir.no/factpages/default.aspx?nav1=field&nav2=PageView|All&nav3=4966234,https://factmaps.sodir.no/factmaps/3_0/?run=FieldByNPDID&NPDID=4966234,02.01.2024,02.01.2024,14.04.2024
MUNIN,Aker BP ASA,Approved for production,30/11-8 S,20.05.2011,North sea,PRODUCTION LICENSE,035,,OIL/GAS,21068.0,42002476,6540,28544099.0,https://factpages.sodir.no/factpages/default.aspx?nav1=field&nav2=PageView|All&nav3=42002476,https://factmaps.sodir.no/factmaps/3_0/?run=FieldByNPDID&NPDID=42002476,03.04.2024,02.01.2024,14.04.2024
MURCHISON,,Shut down,?,,North sea,,,"Peterhead, Skottland",OIL,,43665,0,,https://factpages.sodir.no/factpages/default.aspx?nav1=field&nav2=PageView|All&nav3=43665,https://factmaps.sodir.no/factmaps/3_0/?run=FieldByNPDID&NPDID=43665,02.01.2024,02.01.2024,14.04.2024
NJORD,Equinor Energy AS,Producing,6407/7-1 S,07.04.1986,Norwegian sea,BUSINESS ARRANGEMENT AREA,NJORD UNIT,Kristiansund,OIL,40585.0,43751,474,32011216.0,https://factpages.sodir.no/factpages/default.aspx?nav1=field&nav2=PageView|All&nav3=43751,https://factmaps.sodir.no/factmaps/3_0/?run=FieldByNPDID&NPDID=43751,02.01.2024,01.03.2024,14.04.2024
NORDØST FRIGG,,Shut down,25/1-4,30.05.1974,North sea,,,,GAS,,43568,350,,https://factpages.sodir.no/factpages/default.aspx?nav1=field&nav2=PageView|All&nav3=43568,https://factmaps.sodir.no/factmaps/3_0/?run=FieldByNPDID&NPDID=43568,23.01.2024,23.01.2024,14.04.2024
NORNE,Equinor Energy AS,Producing,6608/10-2,29.01.1992,Norwegian sea,BUSINESS ARRANGEMENT AREA,NORNE INSIDE,Sandnessjøen,OIL/GAS,40672.0,43778,1782,32011216.0,https://factpages.sodir.no/factpages/default.aspx?nav1=field&nav2=PageView|All&nav3=43778,https://factmaps.sodir.no/factmaps/3_0/?run=FieldByNPDID&NPDID=43778,02.01.2024,01.03.2024,14.04.2024
NOVA,Wintershall Dea Norge AS,Producing,35/9-7,14.04.2012,North sea,PRODUCTION LICENSE,418,Florø,OIL,4238348.0,33197696,6776,35318843.0,https://factpages.sodir.no/factpages/default.aspx?nav1=field&nav2=PageView|All&nav3=33197696,https://factmaps.sodir.no/factmaps/3_0/?run=FieldByNPDID&NPDID=33197696,02.01.2024,02.01.2024,14.04.2024
ODA,Sval Energi AS,Producing,8/10-4 S,27.10.2011,North sea,PRODUCTION LICENSE,405,,OIL,4237284.0,29412516,6630,36536246.0,https://factpages.sodir.no/factpages/default.aspx?nav1=field&nav2=PageView|All&nav3=29412516,https://factmaps.sodir.no/factmaps/3_0/?run=FieldByNPDID&NPDID=29412516,02.01.2024,02.01.2024,14.04.2024
ODIN,,Shut down,30/10-2,28.03.1974,North sea,,,,GAS,,43610,392,,https://factpages.sodir.no/factpages/default.aspx?nav1=field&nav2=PageView|All&nav3=43610,https://factmaps.sodir.no/factmaps/3_0/?run=FieldByNPDID&NPDID=43610,23.01.2024,23.01.2024,14.04.2024
ORMEN LANGE,A/S Norske Shell,Producing,6305/5-1,07.10.1997,Norwegian sea,BUSINESS ARRANGEMENT AREA,ORMEN LANGE UNIT,Kristiansund,GAS,2588637.0,2762452,3144,562.0,https://factpages.sodir.no/factpages/default.aspx?nav1=field&nav2=PageView|All&nav3=2762452,https://factmaps.sodir.no/factmaps/3_0/?run=FieldByNPDID&NPDID=2762452,02.01.2024,01.03.2024,14.04.2024
OSEBERG,Equinor Energy AS,Producing,30/6-1,22.09.1979,North sea,BUSINESS ARRANGEMENT AREA,OSEBERG AREA UNIT,Mongstad,OIL/GAS,3500071.0,43625,380,32011216.0,https://factpages.sodir.no/factpages/default.aspx?nav1=field&nav2=PageView|All&nav3=43625,https://factmaps.sodir.no/factmaps/3_0/?run=FieldByNPDID&NPDID=43625,03.04.2024,01.03.2024,14.04.2024
OSEBERG SØR,Equinor Energy AS,Producing,30/9-3,26.02.1984,North sea,BUSINESS ARRANGEMENT AREA,OSEBERG AREA UNIT,Mongstad,OIL/GAS,3500071.0,43645,55,32011216.0,https://factpages.sodir.no/factpages/default.aspx?nav1=field&nav2=PageView|All&nav3=43645,https://factmaps.sodir.no/factmaps/3_0/?run=FieldByNPDID&NPDID=43645,03.04.2024,01.03.2024,14.04.2024
OSEBERG ØST,Equinor Energy AS,Producing,30/6-5,15.08.1981,North sea,BUSINESS ARRANGEMENT AREA,OSEBERG AREA UNIT,Mongstad,OIL,3500071.0,43639,118,32011216.0,https://factpages.sodir.no/factpages/default.aspx?nav1=field&nav2=PageView|All&nav3=43639,https://factmaps.sodir.no/factmaps/3_0/?run=FieldByNPDID&NPDID=43639,02.01.2024,02.01.2024,14.04.2024
OSELVAR,,Shut down,1/3-6,22.06.1991,North sea,,,,GAS,,5506919,1521,,https://factpages.sodir.no/factpages/default.aspx?nav1=field&nav2=PageView|All&nav3=5506919,https://factmaps.sodir.no/factmaps/3_0/?run=FieldByNPDID&NPDID=5506919,02.01.2024,02.01.2024,14.04.2024
REV,Repsol Norge AS,Producing,15/12-12,09.02.2001,North sea,PRODUCTION LICENSE,038 C,,OIL/GAS,4005057.0,4467554,3391,27052812.0,https://factpages.sodir.no/factpages/default.aspx?nav1=field&nav2=PageView|All&nav3=4467554,https://factmaps.sodir.no/factmaps/3_0/?run=FieldByNPDID&NPDID=4467554,02.01.2024,02.01.2024,14.04.2024
RINGHORNE ØST,Vår Energi ASA,Producing,25/8-14 S,22.09.2003,North sea,BUSINESS ARRANGEMENT AREA,RINGHORNE ØST UNIT,,OIL,3505593.0,3505505,4805,50000032.0,https://factpages.sodir.no/factpages/default.aspx?nav1=field&nav2=PageView|All&nav3=3505505,https://factmaps.sodir.no/factmaps/3_0/?run=FieldByNPDID&NPDID=3505505,02.01.2024,24.02.2024,14.04.2024
SIGYN,Equinor Energy AS,Producing,16/7-4,06.12.1982,North sea,PRODUCTION LICENSE,072,Dusavik,GAS/CONDENSATE,21372.0,1630100,91,32011216.0,https://factpages.sodir.no/factpages/default.aspx?nav1=field&nav2=PageView|All&nav3=1630100,https://factmaps.sodir.no/factmaps/3_0/?run=FieldByNPDID&NPDID=1630100,02.01.2024,02.01.2024,14.04.2024
SINDRE,Equinor Energy AS,Producing,34/10-55 S,26.03.2017,North sea,BUSINESS ARRANGEMENT AREA,BRIME UNIT,,OIL/GAS,41319867.0,29401178,8102,32011216.0,https://factpages.sodir.no/factpages/default.aspx?nav1=field&nav2=PageView|All&nav3=29401178,https://factmaps.sodir.no/factmaps/3_0/?run=FieldByNPDID&NPDID=29401178,02.01.2024,02.01.2024,14.04.2024
SKARV,Aker BP ASA,Producing,6507/5-1,03.05.1998,Norwegian sea,BUSINESS ARRANGEMENT AREA,SKARV UNIT,Sandnessjøen,OIL/GAS,4468539.0,4704482,3683,28544099.0,https://factpages.sodir.no/factpages/default.aspx?nav1=field&nav2=PageView|All&nav3=4704482,https://factmaps.sodir.no/factmaps/3_0/?run=FieldByNPDID&NPDID=4704482,02.01.2024,01.03.2024,14.04.2024
SKIRNE,TotalEnergies EP Norge AS,Shut down,25/5-3,26.03.1990,North sea,PRODUCTION LICENSE,102,,GAS/CONDENSATE,21620.0,2138816,1488,35000016.0,https://factpages.sodir.no/factpages/default.aspx?nav1=field&nav2=PageView|All&nav3=2138816,https://factmaps.sodir.no/factmaps/3_0/?run=FieldByNPDID&NPDID=2138816,02.01.2024,02.01.2024,14.04.2024
SKOGUL,Aker BP ASA,Producing,25/1-11 R,26.04.2010,North sea,PRODUCTION LICENSE,460,,OIL,4910195.0,31164600,6368,28544099.0,https://factpages.sodir.no/factpages/default.aspx?nav1=field&nav2=PageView|All&nav3=31164600,https://factmaps.sodir.no/factmaps/3_0/?run=FieldByNPDID&NPDID=31164600,02.01.2024,02.01.2024,14.04.2024
SKULD,Equinor Energy AS,Producing,6608/10-12,21.12.2008,Norwegian sea,PRODUCTION LICENSE,128,Sandnessjøen,OIL,21836.0,21350124,5949,32011216.0,https://factpages.sodir.no/factpages/default.aspx?nav1=field&nav2=PageView|All&nav3=21350124,https://factmaps.sodir.no/factmaps/3_0/?run=FieldByNPDID&NPDID=21350124,02.01.2024,02.01.2024,14.04.2024
SLEIPNER VEST,Equinor Energy AS,Producing,15/6-3,19.12.1974,North sea,BUSINESS ARRANGEMENT AREA,SLEIPNER VEST UNIT,Dusavik,GAS/CONDENSATE,40848.0,43457,318,32011216.0,https://factpages.sodir.no/factpages/default.aspx?nav1=field&nav2=PageView|All&nav3=43457,https://factmaps.sodir.no/factmaps/3_0/?run=FieldByNPDID&NPDID=43457,02.01.2024,01.03.2024,14.04.2024
SLEIPNER ØST,Equinor Energy AS,Producing,15/9-9,14.07.1981,North sea,BUSINESS ARRANGEMENT AREA,SLEIPNER ØST UNIT,Dusavik,GAS/CONDENSATE,41211.0,43478,328,32011216.0,https://factpages.sodir.no/factpages/default.aspx?nav1=field&nav2=PageView|All&nav3=43478,https://factmaps.sodir.no/factmaps/3_0/?run=FieldByNPDID&NPDID=43478,02.01.2024,01.03.2024,14.04.2024
SNORRE,Equinor Energy AS,Producing,34/4-1,16.12.1979,North sea,BUSINESS ARRANGEMENT AREA,SNORRE UNIT,Florø,OIL,40906.0,43718,422,32011216.0,https://factpages.sodir.no/factpages/default.aspx?nav1=field&nav2=PageView|All&nav3=43718,https://factmaps.sodir.no/factmaps/3_0/?run=FieldByNPDID&NPDID=43718,02.01.2024,02.01.2024,14.04.2024
SNØHVIT,Equinor Energy AS,Producing,7121/4-1,27.10.1984,Barents sea,BUSINESS ARRANGEMENT AREA,SNØHVIT UNIT,Hammerfest,GAS,1333943.0,2053062,135,32011216.0,https://factpages.sodir.no/factpages/default.aspx?nav1=field&nav2=PageView|All&nav3=2053062,https://factmaps.sodir.no/factmaps/3_0/?run=FieldByNPDID&NPDID=2053062,02.01.2024,01.03.2024,14.04.2024
SOLVEIG,Aker BP ASA,Producing,16/4-6 S,03.05.2013,North sea,PRODUCTION LICENSE,359,Tananger,OIL,3810373.0,34833011,7098,28544099.0,https://factpages.sodir.no/factpages/default.aspx?nav1=field&nav2=PageView|All&nav3=34833011,https://factmaps.sodir.no/factmaps/3_0/?run=FieldByNPDID&NPDID=34833011,03.04.2024,02.01.2024,14.04.2024
STATFJORD,Equinor Energy AS,Producing,33/12-1,18.04.1974,North sea,BUSINESS ARRANGEMENT AREA,STATFJORD UNIT,Mongstad,OIL,41686.0,43658,417,32011216.0,https://factpages.sodir.no/factpages/default.aspx?nav1=field&nav2=PageView|All&nav3=43658,https://factmaps.sodir.no/factmaps/3_0/?run=FieldByNPDID&NPDID=43658,02.01.2024,01.03.2024,14.04.2024
STATFJORD NORD,Equinor Energy AS,Producing,33/9-8,18.02.1977,North sea,PRODUCTION LICENSE,037,Mongstad,OIL,21084.0,43679,413,32011216.0,https://factpages.sodir.no/factpages/default.aspx?nav1=field&nav2=PageView|All&nav3=43679,https://factmaps.sodir.no/factmaps/3_0/?run=FieldByNPDID&NPDID=43679,02.01.2024,01.03.2024,14.04.2024
STATFJORD ØST,Equinor Energy AS,Producing,33/9-7,07.11.1976,North sea,BUSINESS ARRANGEMENT AREA,STATFJORD ØST UNIT,Mongstad,OIL,41233.0,43672,412,32011216.0,https://factpages.sodir.no/factpages/default.aspx?nav1=field&nav2=PageView|All&nav3=43672,https://factmaps.sodir.no/factmaps/3_0/?run=FieldByNPDID&NPDID=43672,02.01.2024,01.03.2024,14.04.2024
SVALIN,Equinor Energy AS,Producing,25/11-16,24.07.1992,North sea,PRODUCTION LICENSE,169,Dusavik,OIL,22164.0,22507971,1920,32011216.0,https://factpages.sodir.no/factpages/default.aspx?nav1=field&nav2=PageView|All&nav3=22507971,https://factmaps.sodir.no/factmaps/3_0/?run=FieldByNPDID&NPDID=22507971,02.01.2024,02.01.2024,14.04.2024
SYGNA,Equinor Energy AS,Producing,33/9-19 S,23.07.1996,North sea,BUSINESS ARRANGEMENT AREA,SYGNA UNIT,Florø,OIL,96205.0,104718,2830,32011216.0,https://factpages.sodir.no/factpages/default.aspx?nav1=field&nav2=PageView|All&nav3=104718,https://factmaps.sodir.no/factmaps/3_0/?run=FieldByNPDID&NPDID=104718,02.01.2024,09.02.2024,14.04.2024
SYMRA,Aker BP ASA,Approved for production,16/1-29 S,03.06.2018,North sea,PRODUCTION LICENSE,167,,OIL/GAS,22148.0,42002480,8383,28544099.0,https://factpages.sodir.no/factpages/default.aspx?nav1=field&nav2=PageView|All&nav3=42002480,https://factmaps.sodir.no/factmaps/3_0/?run=FieldByNPDID&NPDID=42002480,02.01.2024,18.01.2024,14.04.2024
TAMBAR,Aker BP ASA,Producing,1/3-3,24.03.1983,North sea,PRODUCTION LICENSE,065,Tananger,OIL,21316.0,1028599,87,28544099.0,https://factpages.sodir.no/factpages/default.aspx?nav1=field&nav2=PageView|All&nav3=1028599,https://factmaps.sodir.no/factmaps/3_0/?run=FieldByNPDID&NPDID=1028599,02.01.2024,02.01.2024,14.04.2024
TAMBAR ØST,Aker BP ASA,Producing,1/3-K-5,29.06.2007,North sea,BUSINESS ARRANGEMENT AREA,TAMBAR ØST UNIT,,OIL,4999504.0,4999528,5485,28544099.0,https://factpages.sodir.no/factpages/default.aspx?nav1=field&nav2=PageView|All&nav3=4999528,https://factmaps.sodir.no/factmaps/3_0/?run=FieldByNPDID&NPDID=4999528,02.01.2024,01.02.2024,14.04.2024
TOMMELITEN A,ConocoPhillips Skandinavia AS,Producing,1/9-1,17.02.1977,North sea,BUSINESS ARRANGEMENT AREA,TOMMELITEN A UNIT,Tananger,GAS/CONDENSATE,40915772.0,40867462,243,2410696.0,https://factpages.sodir.no/factpages/default.aspx?nav1=field&nav2=PageView|All&nav3=40867462,https://factmaps.sodir.no/factmaps/3_0/?run=FieldByNPDID&NPDID=40867462,02.01.2024,02.01.2024,14.04.2024
TOMMELITEN GAMMA,ConocoPhillips Skandinavia AS,Shut down,1/9-4,12.01.1978,North sea,BUSINESS ARRANGEMENT AREA,TOMMELITEN UNIT,,GAS/CONDENSATE,41411.0,43444,247,2410696.0,https://factpages.sodir.no/factpages/default.aspx?nav1=field&nav2=PageView|All&nav3=43444,https://factmaps.sodir.no/factmaps/3_0/?run=FieldByNPDID&NPDID=43444,02.01.2024,01.03.2024,14.04.2024
TOR,ConocoPhillips Skandinavia AS,Producing,2/5-1,22.11.1970,North sea,BUSINESS ARRANGEMENT AREA,TOR UNIT,Tananger,OIL,45891.0,43520,178,2410696.0,https://factpages.sodir.no/factpages/default.aspx?nav1=field&nav2=PageView|All&nav3=43520,https://factmaps.sodir.no/factmaps/3_0/?run=FieldByNPDID&NPDID=43520,02.01.2024,02.01.2024,14.04.2024
TORDIS,Equinor Energy AS,Producing,34/7-12,17.12.1987,North sea,PRODUCTION LICENSE,089,Florø,OIL,21516.0,43725,1187,32011216.0,https://factpages.sodir.no/factpages/default.aspx?nav1=field&nav2=PageView|All&nav3=43725,https://factmaps.sodir.no/factmaps/3_0/?run=FieldByNPDID&NPDID=43725,02.01.2024,02.01.2024,14.04.2024
TRESTAKK,Equinor Energy AS,Producing,6406/3-2,22.11.1986,Norwegian sea,PRODUCTION LICENSE,091,Kristiansund,OIL,21532.0,29396445,863,32011216.0,https://factpages.sodir.no/factpages/default.aspx?nav1=field&nav2=PageView|All&nav3=29396445,https://factmaps.sodir.no/factmaps/3_0/?run=FieldByNPDID&NPDID=29396445,02.01.2024,02.01.2024,14.04.2024
TROLL,Equinor Energy AS,Producing,31/2-1,09.11.1979,North sea,BUSINESS ARRANGEMENT AREA,TROLL UNIT,Mongstad,OIL/GAS,41105.0,46437,398,32011216.0,https://factpages.sodir.no/factpages/default.aspx?nav1=field&nav2=PageView|All&nav3=46437,https://factmaps.sodir.no/factmaps/3_0/?run=FieldByNPDID&NPDID=46437,03.04.2024,02.01.2024,14.04.2024
TROLL BRENT B,Equinor Energy AS,Shut down,31/2-N-11 H,24.08.2005,North sea,PRODUCTION LICENSE,054,Mongstad,OIL,21228.0,29398828,5102,32011216.0,https://factpages.sodir.no/factpages/default.aspx?nav1=field&nav2=PageView|All&nav3=29398828,https://factmaps.sodir.no/factmaps/3_0/?run=FieldByNPDID&NPDID=29398828,02.01.2024,02.01.2024,14.04.2024
TRYM,DNO Norge AS,Producing,3/7-4,23.01.1990,North sea,PRODUCTION LICENSE,147,,GAS/CONDENSATE,21988.0,18081500,1467,29468270.0,https://factpages.sodir.no/factpages/default.aspx?nav1=field&nav2=PageView|All&nav3=18081500,https://factmaps.sodir.no/factmaps/3_0/?run=FieldByNPDID&NPDID=18081500,02.01.2024,02.01.2024,14.04.2024
TUNE,Equinor Energy AS,Producing,30/8-1 S,01.03.1995,North sea,PRODUCTION LICENSE,190,Mongstad,GAS/CONDENSATE,22332.0,853376,2430,32011216.0,https://factpages.sodir.no/factpages/default.aspx?nav1=field&nav2=PageView|All&nav3=853376,https://factmaps.sodir.no/factmaps/3_0/?run=FieldByNPDID&NPDID=853376,02.01.2024,02.01.2024,14.04.2024
TYRIHANS,Equinor Energy AS,Producing,6407/1-2,15.05.1983,Norwegian sea,BUSINESS ARRANGEMENT AREA,TYRIHANS UNIT,Kristiansund,GAS/CONDENSATE,3488806.0,3960848,61,32011216.0,https://factpages.sodir.no/factpages/default.aspx?nav1=field&nav2=PageView|All&nav3=3960848,https://factmaps.sodir.no/factmaps/3_0/?run=FieldByNPDID&NPDID=3960848,02.01.2024,01.03.2024,14.04.2024
TYRVING,Aker BP ASA,Approved for production,25/4-2,06.12.1973,North sea,BUSINESS ARRANGEMENT AREA,TYRVING UNIT,,OIL,40662362.0,42002471,360,28544099.0,https://factpages.sodir.no/factpages/default.aspx?nav1=field&nav2=PageView|All&nav3=42002471,https://factmaps.sodir.no/factmaps/3_0/?run=FieldByNPDID&NPDID=42002471,02.01.2024,18.01.2024,14.04.2024
ULA,Aker BP ASA,Producing,7/12-2,23.09.1976,North sea,PRODUCTION LICENSE,019,Tananger,OIL,20916.0,43800,295,28544099.0,https://factpages.sodir.no/factpages/default.aspx?nav1=field&nav2=PageView|All&nav3=43800,https://factmaps.sodir.no/factmaps/3_0/?run=FieldByNPDID&NPDID=43800,02.01.2024,01.03.2024,14.04.2024
URD,Equinor Energy AS,Producing,6608/10-6,14.05.2000,Norwegian sea,PRODUCTION LICENSE,128,Sandnessjøen,OIL,21836.0,2834734,3260,32011216.0,https://factpages.sodir.no/factpages/default.aspx?nav1=field&nav2=PageView|All&nav3=2834734,https://factmaps.sodir.no/factmaps/3_0/?run=FieldByNPDID&NPDID=2834734,03.04.2024,02.01.2024,14.04.2024
UTGARD,Equinor Energy AS,Producing,15/8-1,07.01.1982,North sea,BUSINESS ARRANGEMENT AREA,UTGARD UNIT,,GAS,28975129.0,28975098,321,32011216.0,https://factpages.sodir.no/factpages/default.aspx?nav1=field&nav2=PageView|All&nav3=28975098,https://factmaps.sodir.no/factmaps/3_0/?run=FieldByNPDID&NPDID=28975098,02.01.2024,01.02.2024,14.04.2024
VALE,,Shut down,25/4-6 S,24.08.1991,North sea,,,,GAS/CONDENSATE,,1578893,1703,,https://factpages.sodir.no/factpages/default.aspx?nav1=field&nav2=PageView|All&nav3=1578893,https://factmaps.sodir.no/factmaps/3_0/?run=FieldByNPDID&NPDID=1578893,30.01.2024,30.01.2024,14.04.2024
VALEMON,Equinor Energy AS,Producing,34/10-23,13.10.1985,North sea,BUSINESS ARRANGEMENT AREA,VALEMON UNIT,Mongstad,GAS/CONDENSATE,18403644.0,20460969,476,32011216.0,https://factpages.sodir.no/factpages/default.aspx?nav1=field&nav2=PageView|All&nav3=20460969,https://factmaps.sodir.no/factmaps/3_0/?run=FieldByNPDID&NPDID=20460969,02.01.2024,01.03.2024,14.04.2024
VALHALL,Aker BP ASA,Producing,2/8-6,30.06.1975,North sea,BUSINESS ARRANGEMENT AREA,VALHALL UNIT,Tananger,OIL,41657.0,43548,276,28544099.0,https://factpages.sodir.no/factpages/default.aspx?nav1=field&nav2=PageView|All&nav3=43548,https://factmaps.sodir.no/factmaps/3_0/?run=FieldByNPDID&NPDID=43548,02.01.2024,01.03.2024,14.04.2024
VARG,,Shut down,15/12-4,31.10.1984,North sea,,,Tananger,OIL,,43451,438,,https://factpages.sodir.no/factpages/default.aspx?nav1=field&nav2=PageView|All&nav3=43451,https://factmaps.sodir.no/factmaps/3_0/?run=FieldByNPDID&NPDID=43451,02.01.2024,02.01.2024,14.04.2024
VEGA,Wintershall Dea Norge AS,Producing,35/8-1,24.01.1981,North sea,BUSINESS ARRANGEMENT AREA,VEGA UNIT,Florø,GAS/CONDENSATE,20459640.0,4467595,205,35318843.0,https://factpages.sodir.no/factpages/default.aspx?nav1=field&nav2=PageView|All&nav3=4467595,https://factmaps.sodir.no/factmaps/3_0/?run=FieldByNPDID&NPDID=4467595,03.04.2024,01.03.2024,14.04.2024
VERDANDE,Equinor Energy AS,Approved for production,6608/10-17 S,31.01.2017,Norwegian sea,BUSINESS ARRANGEMENT AREA,VERDANDE UNIT,,OIL/GAS,41319878.0,42002481,8065,32011216.0,https://factpages.sodir.no/factpages/default.aspx?nav1=field&nav2=PageView|All&nav3=42002481,https://factmaps.sodir.no/factmaps/3_0/?run=FieldByNPDID&NPDID=42002481,02.01.2024,02.01.2024,14.04.2024
VESLEFRIKK,Equinor Energy AS,Shut down,30/3-2 R,16.02.1981,North sea,PRODUCTION LICENSE,052,Mongstad,OIL,21212.0,43618,508,32011216.0,https://factpages.sodir.no/factpages/default.aspx?nav1=field&nav2=PageView|All&nav3=43618,https://factmaps.sodir.no/factmaps/3_0/?run=FieldByNPDID&NPDID=43618,02.01.2024,01.03.2024,14.04.2024
VEST EKOFISK,ConocoPhillips Skandinavia AS,Shut down,2/4-6,10.12.1970,North sea,PRODUCTION LICENSE,018,,GAS/CONDENSATE,20900.0,43513,181,2410696.0,https://factpages.sodir.no/factpages/default.aspx?nav1=field&nav2=PageView|All&nav3=43513,https://factmaps.sodir.no/factmaps/3_0/?run=FieldByNPDID&NPDID=43513,02.01.2024,02.01.2024,14.04.2024
VIGDIS,Equinor Energy AS,Producing,34/7-8,11.04.1986,North sea,PRODUCTION LICENSE,089,Florø,OIL,21516.0,43732,878,32011216.0,https://factpages.sodir.no/factpages/default.aspx?nav1=field&nav2=PageView|All&nav3=43732,https://factmaps.sodir.no/factmaps/3_0/?run=FieldByNPDID&NPDID=43732,03.04.2024,02.01.2024,14.04.2024
VILJE,Aker BP ASA,Producing,25/4-9 S,29.09.2003,North sea,PRODUCTION LICENSE,036 D,,OIL,5081703.0,3392471,4278,28544099.0,https://factpages.sodir.no/factpages/default.aspx?nav1=field&nav2=PageView|All&nav3=3392471,https://factmaps.sodir.no/factmaps/3_0/?run=FieldByNPDID&NPDID=3392471,02.01.2024,02.01.2024,14.04.2024
VISUND,Equinor Energy AS,Producing,34/8-1,08.03.1986,North sea,BUSINESS ARRANGEMENT AREA,VISUND INSIDE,Florø,OIL/GAS,40726.0,43745,854,32011216.0,https://factpages.sodir.no/factpages/default.aspx?nav1=field&nav2=PageView|All&nav3=43745,https://factmaps.sodir.no/factmaps/3_0/?run=FieldByNPDID&NPDID=43745,03.04.2024,02.01.2024,14.04.2024
VISUND SØR,Equinor Energy AS,Producing,34/8-14 S,21.10.2008,North sea,BUSINESS ARRANGEMENT AREA,VISUND INSIDE,Mongstad,OIL/GAS,40726.0,20461008,5943,32011216.0,https://factpages.sodir.no/factpages/default.aspx?nav1=field&nav2=PageView|All&nav3=20461008,https://factmaps.sodir.no/factmaps/3_0/?run=FieldByNPDID&NPDID=20461008,02.01.2024,02.01.2024,14.04.2024
VOLUND,Aker BP ASA,Producing,24/9-5,26.01.1994,North sea,PRODUCTION LICENSE,150,,OIL,22012.0,4380167,2244,28544099.0,https://factpages.sodir.no/factpages/default.aspx?nav1=field&nav2=PageView|All&nav3=4380167,https://factmaps.sodir.no/factmaps/3_0/?run=FieldByNPDID&NPDID=4380167,02.01.2024,02.01.2024,14.04.2024
VOLVE,Aker BP ASA,Shut down,15/9-19 SR,29.04.1993,North sea,PRODUCTION LICENSE,1092,Dusavik,OIL,37817871.0,3420717,2105,28544099.0,https://factpages.sodir.no/factpages/default.aspx?nav1=field&nav2=PageView|All&nav3=3420717,https://factmaps.sodir.no/factmaps/3_0/?run=FieldByNPDID&NPDID=3420717,02.01.2024,01.02.2024,14.04.2024
YME,Repsol Norge AS,Producing,9/2-1,28.04.1987,North sea,PRODUCTION LICENSE,316,,OIL,2786469.0,43807,1038,27052812.0,https://factpages.sodir.no/factpages/default.aspx?nav1=field&nav2=PageView|All&nav3=43807,https://factmaps.sodir.no/factmaps/3_0/?run=FieldByNPDID&NPDID=43807,02.01.2024,02.01.2024,14.04.2024
YTTERGRYTA,Equinor Energy AS,Shut down,6507/11-8,03.07.2007,Norwegian sea,PRODUCTION LICENSE,062,,GAS,21292.0,4973114,5562,32011216.0,https://factpages.sodir.no/factpages/default.aspx?nav1=field&nav2=PageView|All&nav3=4973114,https://factmaps.sodir.no/factmaps/3_0/?run=FieldByNPDID&NPDID=4973114,02.01.2024,02.01.2024,14.04.2024
ÆRFUGL NORD,Aker BP ASA,Producing,6507/3-9 S,15.07.2012,Norwegian sea,PRODUCTION LICENSE,212 E,Sandnessjøen,GAS/CONDENSATE,4966902.0,38542241,6951,28544099.0,https://factpages.sodir.no/factpages/default.aspx?nav1=field&nav2=PageView|All&nav3=38542241,https://factmaps.sodir.no/factmaps/3_0/?run=FieldByNPDID&NPDID=38542241,02.01.2024,02.01.2024,14.04.2024
ØRN,Aker BP ASA,Approved for production,6507/2-5 S,14.09.2019,Norwegian sea,PRODUCTION LICENSE,942,,GAS,30676176.0,42002484,8775,28544099.0,https://factpages.sodir.no/factpages/default.aspx?nav1=field&nav2=PageView|All&nav3=42002484,https://factmaps.sodir.no/factmaps/3_0/?run=FieldByNPDID&NPDID=42002484,02.01.2024,02.01.2024,14.04.2024
ØST FRIGG,Aker BP ASA,Shut down,25/2-1,21.09.1973,North sea,PRODUCTION LICENSE,873,,GAS,28973585.0,43576,353,28544099.0,https://factpages.sodir.no/factpages/default.aspx?nav1=field&nav2=PageView|All&nav3=43576,https://factmaps.sodir.no/factmaps/3_0/?run=FieldByNPDID&NPDID=43576,02.01.2024,01.03.2024,14.04.2024
ÅSGARD,Equinor Energy AS,Producing,6507/11-1,10.12.1981,Norwegian sea,BUSINESS ARRANGEMENT AREA,ÅSGARD UNIT,Kristiansund,GAS/CONDENSATE,40564.0,43765,68,32011216.0,https://factpages.sodir.no/factpages/default.aspx?nav1=field&nav2=PageView|All&nav3=43765,https://factmaps.sodir.no/factmaps/3_0/?run=FieldByNPDID&NPDID=43765,03.04.2024,01.03.2024,14.04.2024
AASTA HANSTEEN,Equinor Energy AS,Producing,6707/10-1,23.07.1997,Norwegian sea,PRODUCTION LICENSE,218,Sandnessjøen,GAS,22556.0,23395946,3075,32011216.0,https://factpages.sodir.no/factpages/default.aspx?nav1=field&nav2=PageView|All&nav3=23395946,https://factmaps.sodir.no/factmaps/3_0/?run=FieldByNPDID&NPDID=23395946,03.04.2024,01.03.2024,14.04.2024
