fldID,field,sea,rec. oil,rec. gas,rec. NGL,rec. cond.,rec. OE,rem. oil,rem. gas,rem. NGL,rem. cond.,rem. OE,STOIIP,GIIP,in-place ass. liquid,in-place ass. gas,in-place free gas,in-place OE,in-place liq./OE ratio,RF oil,RF gas,maturity gas,maturity oil,HPHT,res. quality,faulted,reservoir,recovery,status,year,oil prod,gas prod,NGL prod,condensate prod,OE prod,water prod,well num,prod. num,inj. num,obs. num,lat,lon,depth mean,depth min,depth max,p_h
43437,ALBUSKJELL,NORTH,7.35,15.53,0.99,0.0,24.76,0.0,0.0,0.0,0.0,0.0,56.0,64.0,0.0,64.0,0.0,184.0,0.30434782608695654,0.13125,0.24265625,1.0,1.0,False,,,"Albuskjell produced gas and condensate from Maastrichtian and lower Paleocene chalk. The deposit is located above a salt dome. The main reservoir is in the Upper Cretaceous Tor Formation, at a depth of 3,200 metres. The overlying Ekofisk Formation has poorer reservoir quality and has hardly been drained. There are significant remaining resources.",The field was produced by pressure depletion.,Shut down,1981.0,1.426,2.249,0.268,0.0,3.943,0.0,20.0,20.0,0.0,0.0,56.6315466,2.99692745,3412.0,3295.0,4132.0,347.3416
4444332,ALVE,NORWEGIAN,2.48,11.9,1.74,0.0,17.69,0.3,3.47,0.41,0.0,4.55,4.0,17.0,3.0,1.0,16.0,25.0,0.28,0.62,0.7000000000000001,0.7084033613445377,0.8790322580645161,False,,,"Alve produces oil and gas from sandstone of Early and Middle Jurassic age in the Tilje, Not and Garn Formations. The reservoir lies at a depth of 3,600 metres and has moderate to good quality.",The field is produced by pressure depletion.,Producing,2009.0,0.259,0.9,0.313,0.0,1.472,0.003,6.0,5.0,0.0,1.0,65.97453083333335,7.847091166666666,3742.0,3585.0,3841.0,380.9356
42002483,ALVE NORD,nan,1.55,4.15,0.59,0.0,6.82,1.55,4.15,0.59,0.0,6.82,13.0,17.0,5.0,4.0,13.0,39.0,0.46153846153846156,0.11923076923076924,0.24411764705882355,0.0,0.0,False,,,"The reservoirs contain oil and gas in the Early Jurassic Båt Group and the Middle Jurassic Fangst Group, and gas in the Lange Formation of Late Cretaceous age. The reservoir properties are good.",The field will be produced by pressure depletion.,Approved for production,,,,,,,,,,,,,,,,,
2845712,ALVHEIM,NORTH,60.47,16.91,0.0,0.0,77.38,10.92,9.14,0.0,0.0,20.06,124.0,32.0,1.0,12.0,20.0,169.0,0.7396449704142012,0.48766129032258065,0.5284375,0.459491425192194,0.8194145857449975,False,,,"Alvheim produces oil and gas from Paleocene sandstone in the Hermod and Heimdal Formations. The reservoirs are located in submarine fan deposits and injectites, mostly at depths of 2,100 to 2,200 metres. The reservoir quality is good.",The field is produced by natural water drive from an underlying aquifer.,Producing,2009.0,4.986,0.436,0.0,0.0,5.422,0.377,100.0,64.0,2.0,34.0,59.5547609,2.0023335399999995,2113.0,1153.0,2341.0,215.1034
21106284,ATLA,NORTH,0.41,1.48,0.0,0.0,1.89,0.0,0.0,0.0,0.0,0.0,0.0,2.0,0.0,0.0,2.0,2.0,0.0,,0.74,1.0,,False,,,"Atla produced gas from Middle Jurassic sandstone in the Brent Group. The reservoir lies at a depth of 2,700 metres and has good quality.",The field was produced by pressure depletion.,Shut down,2016.0,0.022,0.465,0.0,0.0,0.488,0.004,1.0,1.0,0.0,0.0,59.662017,2.570942,2695.0,2695.0,2695.0,274.351
43562,BALDER,NORTH,102.8,2.8,0.0,0.0,105.6,28.99,0.85,0.0,0.0,29.84,280.0,15.0,0.0,15.0,0.0,310.0,0.9032258064516129,0.36714285714285716,0.18666666666666665,0.6964285714285714,0.7179961089494163,False,,,"Balder, including Ringhorne, produces oil from several separate deposits in sandstone of Jurassic, Paleocene and Eocene age. Balder produces from the Heimdal and Hermod Formations as well as from the injected sand complex above them. Ringhorne produces from the Hugin, Ty and Hermod Formations. The reservoirs are of good to very good quality. The Balder reservoir lies at a depth of 1,700 metres and the Ringhorne reservoir at a depth of 1,900 metres.","Balder and Ringhorne produce primarily by natural aquifer drive, but reinjection of produced water is used for pressure support, especially into the Ringhorne Jurassic reservoir. Excess water is injected into the Utsira Formation. Gas is also reinjected if the gas export system is down.",Producing,2005.0,6.984,0.254,0.0,0.0,7.239,2.792,117.0,66.0,15.0,36.0,59.220794401709405,2.4136908803418797,1797.0,891.0,2253.0,182.9346
29446221,BAUGE,NORWEGIAN,5.61,1.11,0.57,0.0,7.8,5.53,1.09,0.56,0.0,7.68,16.0,5.0,0.0,5.0,0.0,26.0,0.6153846153846154,0.350625,0.22200000000000003,0.018018018018018056,0.014260249554367221,False,,,"The main reservoirs contain oil in Lower and Middle Jurassic sandstone in the Tilje and Ile Formations, at a depth of 2,700 metres. The reservoirs are segmented and have moderate quality.",The field is produced by pressure depletion. Pressure maintenance with water injection is planned to start few years after production start-up.,Producing,2023.0,0.18,0.046,0.024,0.0,0.251,0.002,2.0,2.0,0.0,0.0,64.355046,7.4616225,3030.0,2987.0,3073.0,308.454
42002473,BERLING,nan,1.53,4.58,0.74,0.0,7.52,1.53,4.58,0.74,0.0,7.52,0.0,15.0,3.0,0.0,15.0,18.0,0.16666666666666666,,0.30533333333333335,0.0,,False,,,The reservoirs contain gas and condensate. One of the discoveries has its reservoir in the Jurassic Garn Formation and the other in the Cretaceous Lange Formation. The reservoirs are segmented and have varied quality.,The field will be produced by pressure depletion.,Approved for production,,,,,,,,,,,,,,,,,
3437650,BLANE,nan,0.86,0.0,0.0,0.0,0.86,0.04,0.0,0.0,0.0,0.04,3.0,0.0,0.0,0.0,0.0,3.0,1.0,0.2866666666666667,,,0.9534883720930233,False,,,"Blane produces oil from Paleocene sandstone in the Forties Formation. The reservoir is of moderate to good quality and lies at a depth of 3,100 metres.","Until 2019, the field was produced with pressure support from injection of produced water from the Blane, Tambar and Ula fields. The field is now produced by pressure depletion. In addition, gas lift is used in the wells.",Producing,2008.0,0.139,0.0,0.006,0.0,0.145,0.0,,,,,,,,,,
43651,BRAGE,NORTH,62.22,4.64,1.5,0.0,69.71,1.88,0.43,0.1,0.0,2.5,157.0,21.0,12.0,17.0,4.0,207.0,0.8164251207729468,0.3963057324840764,0.22095238095238093,0.9073275862068966,0.9697846351655416,False,,,"Brage produces oil from sandstone of Early Jurassic age in the Statfjord Group, and sandstone of Middle Jurassic age in the Brent Group and the Fensfjord Formation. There is also oil and gas in Upper Jurassic sandstone in the Sognefjord Formation. The reservoirs lie at a depth of 2,000-2,300 metres. The reservoir quality varies from poor to excellent.","The recovery strategy in Statfjord and Fensfjord is water injection. In the Brent Group, the production strategy is water alternating gas (WAG) injection, and the Sognefjord Formation is produced by depletion and by pressure support from the aquifer.",Producing,1996.0,6.398,0.341,0.209,0.0,6.947,0.0,121.0,76.0,17.0,28.0,60.54255357024793,3.0472967768595045,2170.0,842.0,2513.0,220.906
38702206,BREIDABLIKK,NORTH,30.47,0.0,0.0,0.0,30.47,30.46,0.0,0.0,0.0,30.46,115.0,3.0,0.0,3.0,0.0,121.0,0.9504132231404959,0.2649565217391304,0.0,,0.0003281916639317206,False,,,"The main reservoirs contain oil in Paleocene sandstone in the Heimdal Formation, at a depth of 1700 metres. The reservoirs have good quality, with little variation in reservoir properties. Above the Heimdal Formation, oil is present in a sand injectite complex in shales of Paleocene and Eocene age in the Lista, Sele and Balder Formations.","The field is produced by pressure depletion, assisted by gas lift in the production wells.",Producing,,,,,,,,34.0,20.0,0.0,14.0,59.24813882352941,2.593642852941177,,,,
21123063,BRYNHILD,NORTH,0.49,0.0,0.0,0.0,0.49,0.0,0.0,0.0,0.0,0.0,6.0,0.0,0.0,0.0,0.0,6.0,1.0,0.08166666666666667,,,1.0,True,,,"Brynhild produced oil from sandstone of Late Jurassic age in the Ula Formation. The reservoir lies at a depth of 3,300 metres, and the reservoir conditions are close to high pressure, high temperature (HPHT) conditions. ",The field was produced by pressure support from water injection. Water for injection was supplied from the Pierce field. ,Shut down,2015.0,0.255,0.0,0.0,0.0,0.255,0.062,7.0,3.0,2.0,2.0,57.49278785714285,2.3026315714285714,3352.0,3307.0,3448.0,341.2336
28975067,BYRDING,NORTH,1.01,0.81,0.08,0.0,1.97,0.13,0.34,0.03,0.0,0.53,7.0,2.0,0.0,1.0,1.0,10.0,0.7,0.1442857142857143,0.405,0.5802469135802469,0.8712871287128713,False,,,"Byrding produces oil and gas from turbiditic sandstone of Late Jurassic age in the Heather Formation. The reservoir lies at a depth of 3,050 metres. It is structurally complex and has good reservoir quality.",The field is produced by pressure depletion.,Producing,2018.0,0.209,0.0,0.0,0.0,0.209,0.063,2.0,2.0,0.0,0.0,61.128242,3.546061,3096.0,3091.0,3100.0,315.1728
22492497,BØYLA,NORTH,5.28,0.34,0.0,0.0,5.62,2.2,0.09,0.0,0.0,2.29,15.0,1.0,0.0,1.0,0.0,17.0,0.8823529411764706,0.35200000000000004,0.34,0.7352941176470589,0.5833333333333333,False,,,"Bøyla produces oil from sandstone of late Paleocene to early Eocene age in the Hermod Formation. The reservoir has good quality and lies in a channelised submarine fan system at depth of 2,100 metres.",The field is produced with pressure support from water injection. Gas lift is also necessary to support flow in the wells.,Producing,2015.0,0.761,0.071,0.0,0.0,0.833,0.031,12.0,8.0,1.0,3.0,59.34148916666667,1.8293258333333338,2011.0,1788.0,2133.0,204.7198
43785,COD,NORTH,2.88,7.28,0.52,0.0,11.15,0.0,0.0,0.0,0.0,0.0,5.0,11.0,0.0,11.0,0.0,27.0,0.18518518518518517,0.576,0.6618181818181819,1.0,1.0,False,,,"The Cod field produced gas and condensate from deep-marine turbiditic sandstone of Paleocene age in the Forties Formation. The deposit has a complex structure with several separate reservoirs at a depth of 3,000 metres.",The field was produced by pressure depletion.,Shut down,1980.0,0.465,0.843,0.107,0.0,1.415,0.0,7.0,7.0,0.0,0.0,57.06946742857143,2.4347111428571426,3398.0,3126.0,4660.0,345.9164
43758,DRAUGEN,NORWEGIAN,153.58,3.56,2.87,0.0,162.59,9.04,1.89,0.23,0.0,11.37,228.0,15.0,0.0,13.0,2.0,256.0,0.890625,0.6735964912280702,0.23733333333333334,0.4691011235955056,0.9411381690324261,False,,,"Draugen produces oil from two formations. The main reservoir is in sandstone of Late Jurassic age in the Rogn Formation. The western part of the field also produces from sandstone of Middle Jurassic age in the Garn Formation. The reservoirs lie at a depth of 1,600 metres. They are relatively homogeneous, with good reservoir quality.",The field is produced by pressure maintenance from water injection and by aquifer support.,Producing,2001.0,11.859,0.274,0.734,0.0,12.866,0.249,35.0,20.0,6.0,9.0,64.3382077142857,7.7612051428571425,1694.0,1598.0,2103.0,172.4492
34833026,DUVA,NORTH,3.4,5.48,0.67,0.0,10.15,1.74,4.89,0.6,0.0,7.77,9.0,8.0,0.0,1.0,7.0,18.0,0.5,0.37777777777777777,0.685,0.10766423357664245,0.4882352941176471,False,,,"The reservoir contains oil and gas in turbiditic sandstone of Early Cretaceous age in the Agat Formation. It is a stratigraphic trap at a depth of 2,200 metres. The reservoir quality is good.",The Field is produced by pressure depletion and gas expansion in the gas cap.,Producing,2022.0,1.073,0.0,0.0,0.0,1.073,0.038,6.0,4.0,0.0,2.0,61.40026133333333,4.067266833333334,2515.0,2493.0,2575.0,256.027
29393934,DVALIN,NORWEGIAN,0.87,31.08,0.4,0.0,32.71,0.87,31.08,0.4,0.0,32.71,0.0,47.0,1.0,0.0,47.0,48.0,0.020833333333333332,,0.6612765957446808,0.0,,True,,,"Dvalin contains gas in Middle Jurassic sandstone in the Ile and Garn Formations. The reservoirs lie at a depth of 4,500 metres and have high pressure and high temperature (HPHT). The homogeneous shallow marine Garn sandstone has good reservoir quality, while the more heterogeneous and fine-grained Ile sandstone has less favourable reservoir properties.",The field is produced by pressure depletion.,Producing,2023.0,0.009,0.216,0.0,0.003,0.228,0.0,4.0,4.0,0.0,0.0,65.42943275,7.140168,4262.0,4193.0,4341.0,433.8716
43541,EDDA,NORTH,4.82,1.98,0.21,0.0,7.2,0.0,0.0,0.0,0.0,0.0,16.0,5.0,0.0,5.0,0.0,26.0,0.6153846153846154,0.30125,0.396,1.0,1.0,False,,,"Edda produced oil from Maastrichtian and lower Paleocene chalk. The main reservoir is in the Upper Cretaceous Tor Formation, at a depth of approximately 3,100 metres.","The field was produced with pressure depletion. Starting in 1988, gas from the Tommeliten Gamma field was transported to Edda and used for gas lift in the wells.",Shut down,1980.0,1.26,0.42,0.085,0.0,1.765,0.0,7.0,7.0,0.0,0.0,56.464702,3.104443714285714,3332.0,3287.0,3386.0,339.1976
21675433,EDVARD GRIEG,NORTH,53.68,5.32,1.55,0.0,61.95,18.38,2.06,0.63,0.0,21.64,97.0,12.0,0.0,12.0,0.0,121.0,0.8016528925619835,0.5534020618556701,0.44333333333333336,0.612781954887218,0.6576005961251863,False,,,"Edvard Grieg produces undersaturated oil from alluvial, aeolian and shallow marine sandstone and conglomerate of Late Triassic to Early Cretaceous age. Reservoir quality varies from moderate to very good in marine and aeolian sandstone, while the quality is poorer in alluvial sandstone and conglomerate. Oil is also proven in the underlying basement. The reservoir is at a depth of 1,900 metres.",The field is produced by pressure support from water injection.,Producing,2021.0,5.688,0.491,0.281,0.0,6.461,0.913,25.0,18.0,4.0,3.0,58.842735440000006,2.24835268,2045.0,1858.0,2973.0,208.181
43506,EKOFISK,NORTH,534.73,152.0,15.83,0.0,716.81,37.54,2.45,0.8,0.0,41.51,1069.0,286.0,0.0,286.0,0.0,1641.0,0.6514320536258379,0.5002151543498597,0.5314685314685315,0.9838815789473684,0.9297963458193855,False,,,"Ekofisk produces oil from naturally fractured chalk of Late Cretaceous age in the Tor Formation and early Paleocene age in the Ekofisk Formation. The reservoir rock has high porosity, but low permeability. The reservoir has an oil column of more than 300 metres and lies at 3,000 metres depth.","Ekofisk was originally produced by pressure depletion and had an expected recovery factor of 17 per cent. Since then, comprehensive water injection has contributed to a substantial increase in oil recovery. Large-scale water injection started in 1987, and in subsequent years, the area for water injection has been extended in several phases. Experience has proven that water displaces the oil much more effectively than anticipated, and the expected final recovery factor for Ekofisk is now estimated to be over 50 per cent. In addition to the water injection, compaction of the soft chalk provides extra force to drainage of the field. The reservoir compaction has resulted in about 10 metres subsidence of the seabed, especially in the central part of the field. It is expected that the subsidence will continue, but at a much lower rate.",Approved for production,2002.0,17.233,2.743,0.605,0.0,20.581,5.545,458.0,339.0,116.0,3.0,56.5491931048035,3.216862947598253,3201.0,1440.0,3696.0,325.8618
43527,ELDFISK,NORTH,152.18,46.51,5.55,0.0,209.24,27.9,4.11,0.9,0.0,33.72,450.0,119.0,0.0,119.0,0.0,688.0,0.6540697674418605,0.3381777777777778,0.3908403361344538,0.9116319071167491,0.8166644762780917,False,,,"Eldfisk produces oil from chalk of Late Cretaceous and early Paleocene age in the Hod, Tor and Ekofisk Formations. The reservoir rock has high porosity, but low permeability. Natural fracturing allows the reservoir fluids to flow more easily. The field consists of three structures: Alpha, Bravo and Eldfisk Øst. The reservoirs lie at depths of 2,700-2,900 metres.","Eldfisk was originally produced by pressure depletion. In 1999, water injection was implemented through horizontal injection wells. Pressure depletion and the water weakening effect have caused reservoir compaction, which in turn has resulted in several metres of seabed subsidence. The Eldfisk II project extends waterflooding on the field.",Producing,1980.0,5.875,1.496,0.295,0.0,7.666,0.0,198.0,169.0,28.0,1.0,56.39207018686868,3.24745457070707,2982.0,1773.0,4367.0,303.5676
43534,EMBLA,NORTH,12.33,5.56,0.65,0.0,19.13,0.35,0.39,0.05,0.0,0.84,49.0,17.0,0.0,17.0,0.0,83.0,0.5903614457831325,0.2516326530612245,0.32705882352941174,0.9298561151079137,0.9716139497161395,True,,,"Embla produces oil and gas from segmented sandstone and conglomerate of Devonian and Permian age. The reservoir lies at a depth of more than 4,000 metres and has high pressure and high temperature (HPHT). It has a complex, highly faulted structure.",The field is produced by pressure depletion.,Producing,1994.0,1.416,0.428,0.096,0.0,1.94,0.0,7.0,7.0,0.0,0.0,56.333130142857144,3.248257,4535.0,4389.0,4684.0,461.663
3437659,ENOCH,nan,0.38,0.0,0.0,0.0,0.38,0.01,0.0,0.0,0.0,0.01,1.0,0.0,0.0,0.0,0.0,1.0,1.0,0.38,,,0.9736842105263158,False,,,"Enoch produces oil from Forties sandstone of Paleocene age. The reservoir lies at a depth of 2,100 metres and has variable quality.",The field is produced by pressure depletion.,Producing,2009.0,0.072,0.0,0.0,0.0,0.072,0.001,,,,,,,,,,
31164879,FENJA,NORWEGIAN,7.15,2.58,0.45,0.0,10.59,7.15,2.58,0.45,0.0,10.59,16.0,4.0,0.0,3.0,1.0,23.0,0.6956521739130435,0.446875,0.645,0.0,0.0,False,,,"The reservoirs contain oil and gas in sandstone of Late Jurassic age in the Melke Formation, and oil in Upper Jurassic sandstone in the Rogn Formation. The reservoirs are in a fan system at a depth of 3,200-3,500 metres, and they have variable properties.",The field is produced by pressure support from water and gas injection. Produced gas is reinjected into the reservoir. The reinjected gas will be produced at the end of the oil production period.,Producing,2023.0,0.439,0.038,0.009,0.0,0.487,0.008,8.0,3.0,3.0,2.0,64.03019012499999,6.74926925,3659.0,3548.0,3837.0,372.4862
42002478,FENRIS,nan,10.07,13.99,0.68,0.0,25.35,10.07,13.99,0.68,0.0,25.35,0.0,33.0,24.0,0.0,33.0,57.0,0.42105263157894735,,0.42393939393939395,0.0,,True,,,The reservoir contains gas and condensate in sandstone of Jurassic age in the Ula and Farsund Formations and has high pressure and high temperature (HPHT). The reservoir properties are varied.,The field will be produced by pressure depletion.,Approved for production,,,,,,,,,,,,,,,,,
24635035,FLYNDRE,nan,0.08,0.0,0.0,0.0,0.08,0.0,0.0,0.0,0.0,0.0,1.0,0.0,0.0,0.0,0.0,1.0,1.0,0.08,,,1.0,False,,,"Flyndre produced oil and associated gas from Balmoral sandstone of Paleocene age. The reservoir lies at a depth of 3,000 metres and has moderate to good quality. There is also oil in Upper Cretaceous chalk with poor reservoir quality at a depth of 3,100 metres.",The field was produced by pressure depletion. Only the Balmoral reservoir was developed.,Shut down,2018.0,0.023,0.0,0.0,0.0,0.024,0.0,,,,,,,,,,
1578840,FRAM,NORTH,43.63,19.32,1.81,0.0,66.39,2.9,8.74,0.81,0.0,13.18,100.0,33.0,3.0,15.0,18.0,151.0,0.6821192052980133,0.4363,0.5854545454545454,0.5476190476190477,0.9335319734127894,False,,,"Fram produces oil and associated gas from sandstone of Middle Jurassic age in the Brent Group, and from Upper Jurassic sandstone in a marine fan system in the Draupne Formation and the shallow marine Sognefjord Formation. The reservoirs have a gas cap and lie in several isolated, rotated fault blocks at 2,300-2,500 metres depth. The reservoir in Fram Vest is complex. The reservoirs in Fram Øst are generally of good quality.","The Fram Øst deposit in the Sognefjord Formation is produced by injection of produced water as pressure support, in addition to natural aquifer drive. The Brent reservoirs in Fram Øst are produced by pressure support from natural aquifer drive. Gas lift is used in the wells. Oil production from Fram is restricted by the gas processing capacity at the Troll C facility.",Producing,2009.0,3.381,0.423,0.068,0.0,3.872,0.295,30.0,19.0,6.0,5.0,61.05398386666666,3.5644411000000007,2306.0,984.0,3185.0,234.7508
23410947,FRAM H-NORD,NORTH,0.69,0.0,0.0,0.0,0.69,0.06,0.0,0.0,0.0,0.06,6.0,1.0,0.0,1.0,0.0,8.0,0.75,0.11499999999999999,0.0,,0.9130434782608696,False,,,"Fram H-Nord produces oil and gas from turbiditic sandstone of Late Jurassic age in the Heather Formation. The reservoir lies at a depth of 2,950 metres and has good quality.",The field is produced by pressure depletion.,Producing,2015.0,0.269,0.0,0.0,0.0,0.269,0.361,3.0,2.0,0.0,1.0,61.12819199999999,3.546242,2927.0,2895.0,2975.0,297.9686
43555,FRIGG,NORTH,0.0,116.2,0.0,0.46,116.66,0.0,0.0,0.0,0.0,0.0,97.0,155.0,1.0,5.0,150.0,258.0,0.3798449612403101,0.0,0.7496774193548388,1.0,,False,,,"Frigg produced gas from deep marine, turbiditic sandstone of Eocene age in the Frigg Formation, at a depth of 1,900 metres.",The field was produced by pressure depletion.,Shut down,1981.0,0.0,10.928,0.0,0.048,10.976,0.0,52.0,52.0,0.0,0.0,59.88101653846154,2.0674367307692303,1887.0,1820.0,2247.0,192.0966
43597,FRØY,NORTH,5.55,1.61,0.0,0.11,7.27,0.0,0.0,0.0,0.0,0.0,28.0,6.0,0.0,6.0,0.0,40.0,0.7,0.1982142857142857,0.26833333333333337,1.0,1.0,False,,,"Frøy produced oil from Jurassic sandstone in the Brent Group at a depth of 3,200-3,300 metres.",The field was produced by pressure support from water injection.,Shut down,1996.0,1.778,0.345,0.0,0.023,2.147,0.0,12.0,6.0,6.0,0.0,59.734298083333336,2.5577649166666667,3280.0,3110.0,3402.0,333.904
42002479,FULLA,nan,1.25,9.54,0.93,0.0,12.56,1.25,9.54,0.93,0.0,12.56,0.0,11.0,2.0,0.0,11.0,13.0,0.15384615384615385,,0.8672727272727272,0.0,,False,,,"The Fulla and Lille-Frigg reservoirs contain gas and condensate in Middle Jurassic sandstone of the Brent Group, and lie at depths of 3,600-4,000 metres. The Øst Frigg reservoir contains gas in sandstone of Eocene age in the Frigg Formation, and lies at a depth of 1,900 metres. The reservoirs are structurally complex with varying reservoir properties.",The field will be produced by pressure depletion.,Approved for production,,,,,,,,,,,,,,,,,
18161341,GAUPE,NORTH,0.23,0.46,0.03,0.02,0.77,0.0,0.0,0.0,0.0,0.0,11.0,5.0,1.0,2.0,3.0,19.0,0.631578947368421,0.02090909090909091,0.092,1.0,1.0,False,,,"Gaupe produced oil and gas from two structures, Gaupe South and Gaupe North. Most of the resources were in sandstone in the Triassic Skagerrak Formation, while some were in Middle Jurassic sandstone. The reservoirs lie at a depth of 3,000 metres. The two structures had a gas cap overlying an oil zone. Due to segmentation, the vertical and lateral connectivity in the field is poor. ",The field was produced by pressure depletion. ,Shut down,2012.0,0.111,0.161,0.013,0.007,0.293,0.004,2.0,2.0,0.0,0.0,57.98541,1.9276235,2978.0,2955.0,3001.0,303.1604
4005142,GIMLE,NORTH,3.23,1.27,0.25,0.0,4.98,0.29,0.35,0.06,0.0,0.75,11.0,7.0,3.0,3.0,4.0,24.0,0.5833333333333334,0.29363636363636364,0.18142857142857144,0.7244094488188977,0.9102167182662538,False,,,"Gimle produces oil from sandstone of Middle Jurassic age in the Brent Group. The main reservoir is in a downfaulted structure northeast of the Gullfaks field at a depth of 2,900 metres. Reservoir quality is generally good. There is also oil in sandstone of Late Triassic and Early Jurassic age.",The field is produced by partial pressure support from water injection. Injection is temporarily stopped due to production shut down.,Producing,2008.0,0.611,0.0,0.0,0.0,0.611,0.561,8.0,5.0,1.0,2.0,61.215006875,2.274284125,2963.0,2783.0,3228.0,301.6334
23384544,GINA KROG,NORTH,9.72,15.0,1.08,0.0,26.77,2.33,9.22,0.44,0.0,12.39,24.0,25.0,11.0,5.0,20.0,65.0,0.5384615384615384,0.405,0.6,0.3853333333333333,0.7602880658436214,False,,,"Gina Krog produces oil and gas from sandstone of Middle Jurassic age in the Hugin Formation. The field is complex and segmented, and the reservoirs lie depths of 3,300-3,900 metres. Reservoir thickness and quality are varying.","The field has earlier been produced by gas injection in most reservoir segments. Since 2021, all segments are produced by pressure depletion.",Producing,2022.0,0.659,2.811,0.048,0.0,3.519,0.023,23.0,14.0,5.0,4.0,58.57202839130435,1.696944565217391,3766.0,3482.0,4120.0,383.3788
4467574,GJØA,NORTH,15.36,42.27,9.97,0.0,76.57,0.47,4.8,0.72,0.0,6.64,47.0,58.0,12.0,8.0,50.0,125.0,0.472,0.32680851063829786,0.728793103448276,0.886444286728176,0.9694010416666666,False,,,"The reservoirs contain gas above a relatively thin oil zone in sandstone of Jurassic age in the Dunlin, Brent and Viking Groups. The field comprises several tilted fault segments with partly uncertain communication and variable reservoir quality. The reservoir depth is 2,200 metres.","The field is produced by pressure depletion. In the southern segments, oil production was prioritised in the first years. Gas blow-down, production of the gas cap, started in 2015. Low pressure production was implemented in 2017.",Producing,2013.0,1.935,3.886,2.022,0.193,8.035,0.177,31.0,23.0,0.0,8.0,61.35877290322582,3.9767741612903227,2338.0,2178.0,2516.0,238.0084
1272071,GLITNE,NORTH,8.88,0.0,0.0,0.0,8.88,0.0,0.0,0.0,0.0,0.0,20.0,1.0,0.0,0.0,1.0,21.0,0.9523809523809523,0.44400000000000006,0.0,,1.0,False,,,"Glitne produced oil from sandstone of Paleocene age in the upper part of the Heimdal Formation. The reservoir is in a deep marine fan system at a depth of 2,150 metres.",The field was produced with pressure support from a large natural aquifer in the Heimdal Formation. Associated gas was used for gas lift in the horizontal wells until 2012.,Shut down,2002.0,2.157,0.0,0.0,0.0,2.157,0.416,12.0,9.0,1.0,2.0,58.71125283333333,1.659991416666667,2185.0,2137.0,2351.0,222.433
5774394,GOLIAT,BARENTS,31.33,0.0,0.0,0.0,31.33,13.6,0.0,0.0,0.0,13.6,91.0,20.0,0.0,11.0,9.0,122.0,0.7459016393442623,0.34428571428571425,0.0,,0.5659112671560804,False,,,"Goliat produces oil from sandstone of Triassic age in the Kobbe and Snadd Formations, and in the Kapp Toscana Group (Realgrunnen subgroup) of Triassic to Jurassic age. The reservoirs have thin gas caps and lie in a complex and segmented structure at depths of 1,100-1,800 metres.",The field is produced using water injection as pressure support. Additional pressure support results from reinjection of produced gas.,Producing,2018.0,3.72,0.0,0.0,0.0,3.72,0.396,37.0,23.0,12.0,2.0,71.27172867567567,22.274170783783788,1508.0,1074.0,2188.0,153.5144
1035937,GRANE,NORTH,150.85,0.0,0.0,0.0,150.85,17.09,0.0,0.0,0.0,17.09,224.0,3.0,0.0,3.0,0.0,230.0,0.9739130434782609,0.6734375,0.0,,0.8867086509777925,False,,,"Grane produces oil with high viscosity mostly from Paleocene sandstone in the Heimdal Formation with very good reservoir properties. The field comprises a main structure and some additional segments with full communication. The reservoir depth is 1,700 metres.","The field is produced by gas injection at the top of the structure, and horizontal production wells at the bottom of the oil zone. In 2010, Grane terminated gas import from the Heimdal gas centre, and only produced gas was reinjected into the reservoir. Gas import started up again in 2014. Grane has limited water injection. Oil recovery is maintained by gas injection and drilling of new wells, including sidetracks from existing producers.",Producing,2006.0,12.614,0.0,0.0,0.0,12.614,4.686,195.0,150.0,11.0,32.0,59.165247687179495,2.4873605538461536,1749.0,889.0,2055.0,178.0482
18116481,GUDRUN,NORTH,25.27,18.7,2.02,0.0,47.81,6.15,5.89,0.5,0.0,12.99,52.0,50.0,24.0,20.0,30.0,146.0,0.5205479452054794,0.48596153846153844,0.374,0.6850267379679145,0.7566284131381085,False,,,"Gudrun produces oil and gas from sandstone in the Upper Jurassic Draupne Formation and the Middle Jurassic Hugin Formation. The reservoir quality in the Draupe Formation, which constitutes the main recoverable resources, is in general good. The Hugin Formation has larger variation in reservoir quality. The reservoirs lie at depths of 4,000-4,700 metres.","The field is mainly produced by pressure depletion. In 2022, water injection started in part of the field.",Producing,2017.0,3.193,2.009,0.48,0.0,5.682,0.24,17.0,13.0,2.0,2.0,58.84512205882353,1.743869882352941,4179.0,836.0,5241.0,425.42220000000003
43686,GULLFAKS,NORTH,390.48,23.08,2.83,0.0,418.94,14.35,0.0,0.0,0.0,14.35,745.0,84.0,0.0,84.0,0.0,913.0,0.8159912376779846,0.5241342281879194,0.27476190476190476,1.0,0.9632503585330875,False,,,"Gullfaks produces oil from Middle Jurassic sandstone in the Brent Group, and from Lower Jurassic and Upper Triassic sandstone in the Statfjord Group and Cook and Lunde Formations. Recoverable oil is also present in fractured carbonate and shale in the overlying Shetland Group and Lista Formation. The reservoirs lie at a depth of 1,700-2,000 metres in rotated fault blocks in the west and a structural horst (raised fault block) in the east, with a highly faulted area in between. Reservoir quality is generally good to very good in the Jurassic reservoirs within each fault compartment, but poor reservoir communication is a challenge for pressure maintenance.","The drive mechanism for the main reservoirs is primarily water injection, with gas injection and water alternating gas injection (WAG) in some areas. Initially, the drainage strategy for the Shetland/Lista reservoir was depletion, but pressure support by water injection has now been implemented.",Producing,1994.0,30.743,2.017,0.448,0.0,33.208,0.0,305.0,198.0,90.0,17.0,61.19688810491803,2.217379049180328,2014.0,368.0,2923.0,205.0252
43699,GULLFAKS SØR,NORTH,63.48,103.51,12.59,0.0,190.91,5.26,23.48,2.51,0.0,33.51,195.0,170.0,45.0,34.0,136.0,444.0,0.5405405405405406,0.3255384615384615,0.6088823529411765,0.7731620133320453,0.9171392564587272,False,,,"The Gullfaks Sør deposits produce oil and gas from Middle Jurassic sandstone in the Brent Group and from Lower Jurassic and Upper Triassic sandstone in the Statfjord Group and Cook and Lunde Formations. The reservoirs lie at a depth of 2,400-3,400 metres in several rotated fault blocks. The reservoirs in the Gullfaks Sør deposit are heavily segmented, with many internal faults and challenging flow characteristics, especially in the Statfjord Group and Lunde Formation. The other deposits in the Gullfaks Sør area have generally good reservoir quality.","The Brent reservoir in Gullfaks Sør is produced by pressure depletion after gas injection ceased in 2009. The Statfjord Group and Lunde Formation in Gullfaks Sør are produced with pressure support from gas injection. Gas export from Rimfaks started in 2015, but limited gas injection was maintained in the Brent Group until 2018. The Gullveig, Gulltopp and Rutil deposits are produced by pressure depletion and partial aquifer drive. The Skinfaks deposit is produced with gas lift. The Rutil and Opal deposits are produced by pressure depletion.",Producing,2017.0,1.485,5.907,1.593,0.0,8.985,1.055,120.0,82.0,20.0,18.0,61.08994907500001,2.1454112,3266.0,2442.0,4557.0,332.4788
43464,GUNGNE,NORTH,0.35,16.32,2.18,4.47,25.28,0.05,0.28,0.01,0.0,0.35,0.0,20.0,15.0,0.0,20.0,35.0,0.42857142857142855,,0.8160000000000001,0.9828431372549019,,False,,,"Gungne produces gas and condensate mainly from sandstone in the Triassic Skagerrak Formation, with some contribution from Middle Jurassic sandstone in the Hugin Formation and Paleogene sandstone in Ty Formation. The Skagerrak Formation has generally poorer reservoir quality than the Hugin and Ty Formations. The reservoirs lie at a depth of 2,800 metres.",The field is produced by pressure depletion.,Producing,2003.0,0.0,0.0,0.416,0.573,0.989,0.024,3.0,3.0,0.0,0.0,58.367364,1.9084636666666668,2941.0,2808.0,3077.0,299.3938
43492,GYDA,NORTH,36.27,6.2,1.91,0.0,46.1,0.0,0.0,0.0,0.0,0.0,90.0,18.0,9.0,18.0,0.0,135.0,0.7333333333333333,0.403,0.34444444444444444,1.0,1.0,False,,,"Gyda produced oil from three reservoirs in Upper Jurassic sandstone in the Ula Formation. The reservoir depth is 4,000 metres.","The field was produced by water injection, as well as by pressure support from both gas cap and aquifer in parts of the field.",Shut down,1994.0,3.808,0.475,0.413,0.0,4.696,0.0,56.0,37.0,18.0,1.0,56.90483955357143,3.0851204285714284,4057.0,3682.0,4321.0,413.00260000000003
42148955,HALTEN ØST,nan,2.52,9.09,1.96,0.0,15.33,2.52,9.09,1.96,0.0,15.33,3.0,16.0,5.0,0.0,16.0,24.0,0.3333333333333333,0.84,0.568125,0.0,0.0,False,,,"The reservoirs contain mainly gas and condensate in Lower to Upper Jurassic sandstone in the Tilje, Tofte, Ile, Garn and Melke Formations. They are located at depths between 2,000 and 3,000 metres. Common for all these reservoirs is that the volumes are relatively small, but the reservoir properties are excellent.",The drainage strategy is pressure depletion with aquifer support.,Approved for production,,,,,,,,,,,,,,,,,
25307278,HANZ,NORTH,2.53,0.55,0.09,0.0,3.25,2.53,0.55,0.09,0.0,3.25,5.0,1.0,0.0,1.0,0.0,7.0,0.7142857142857143,0.506,0.55,0.0,0.0,False,,,"The reservoir contains oil with a minor gas cap. It is in the Draupne Formation of Late Jurassic age at a depth of 2,350 metres. The reservoir is in presumably deep marine sandstone with good reservoir Properties.",The field will be produced by pressure support from water injection.,Approved for production,,,,,,,,4.0,2.0,1.0,1.0,59.055566999999996,2.24404325,,,,
43771,HEIDRUN,NORWEGIAN,204.54,50.62,2.03,0.0,259.02,32.1,23.79,1.02,0.0,57.83,436.0,89.0,8.0,37.0,52.0,570.0,0.7789473684210526,0.46912844036697243,0.5687640449438202,0.5300276570525484,0.8430624816661778,False,,,"Heidrun produces oil and gas from Lower and Middle Jurassic sandstone in the Åre, Tilje, Ile and Garn Formations. The reservoir lies at a depth of 2,300 metres and is heavily faulted and segmented. The Ile and Garn Formations have good reservoir quality, while the Åre and Tilje Formations are more complex.","The field is produced with pressure maintenance using water and gas injection in the Ile and Garn Formations. In the more complex parts of the reservoir, in the Åre and Tilje Formations, the main recovery strategy is water injection. Some segments are also produced by pressure depletion.",Producing,1997.0,13.456,0.326,0.0,0.0,13.783,0.0,189.0,126.0,41.0,22.0,65.33579785185184,7.3250007777777775,2494.0,2160.0,3257.0,253.88920000000002
43590,HEIMDAL,NORTH,6.66,46.2,0.0,0.0,52.86,0.0,0.0,0.0,0.0,0.0,11.0,61.0,0.0,0.0,61.0,72.0,0.1527777777777778,0.6054545454545455,0.7573770491803279,1.0,1.0,False,,,"Heimdal produced gas and some condensate from sandstone of Paleocene age in the Heimdal Formation. The reservoir lies in a massive turbidite system at a depth of 2,100 metres and has good quality.",The field was produced by pressure depletion.,Shut down,1996.0,0.627,4.569,0.0,0.0,5.197,0.0,13.0,12.0,1.0,0.0,59.57420038461539,2.228919538461538,2096.0,402.0,3366.0,213.3728
43485,HOD,NORTH,15.15,2.6,0.59,0.0,18.87,5.02,0.85,0.12,0.0,6.1,54.0,8.0,0.0,8.0,0.0,70.0,0.7714285714285715,0.28055555555555556,0.325,0.6730769230769231,0.6686468646864687,False,,,"Hod produces oil from chalk in the Upper Cretaceous Tor and Hod Formations and the lower Paleocene Ekofisk Formation. The Tor Formation chalk is fine-grained and soft. Considerable fracturing allows oil and water to flow more easily than in the underlying Hod Formation. The reservoir depth is 2,700 metres. The field consists of three structures: Hod West, Hod East and Hod Saddle.",The field is produced by pressure depletion. Gas lift has been used in some wells to increase production.,Producing,1991.0,1.526,0.202,0.088,0.0,1.816,0.0,32.0,28.0,0.0,4.0,56.184790343749995,3.45960434375,2804.0,2723.0,2983.0,285.4472
42002474,HUGIN,nan,29.27,6.53,1.18,0.0,38.04,29.27,6.53,1.18,0.0,38.04,61.0,13.0,3.0,9.0,4.0,86.0,0.7441860465116279,0.4798360655737705,0.5023076923076923,0.0,0.0,False,,,"The reservoirs contain oil and gas in sandstone mainly of Eocene age in the Frigg Formation and of Middle Jurassic age in the Hugin Formation, at depths of 1,900 and 3,500 metres, respectively. The Hugin area is geologically complex and the deposits have varying reservoir and fluid properties.","Langfjellet, Frøy and Rind will be produced with pressure support by water injection. Frigg Gamma Delta will be produced by pressure depletion, and the produced water is planned to be reinjected into the water zone.",Approved for production,,,,,,,,,,,,,,,,,
97002,HULDRA,NORTH,5.21,17.24,0.11,0.0,22.66,0.0,0.0,0.0,0.0,0.0,0.0,23.0,9.0,0.0,23.0,32.0,0.28125,,0.7495652173913043,1.0,,True,,,"Huldra produced gas and condensate from sandstone of Middle Jurassic age in the Brent Group. The reservoir is in a rotated fault block at a depth of 3,500-3,900 metres, and initially had high pressure and high temperature (HPHT). There are many small faults in the field and two main segments without pressure communication.",The field was produced by pressure depletion and with low pressure production after 2007.,Shut down,2003.0,1.183,2.958,0.023,0.0,4.164,0.428,6.0,6.0,0.0,0.0,60.85595733333334,2.6501898333333336,3842.0,3785.0,3874.0,391.11560000000003
20474183,HYME,NORWEGIAN,3.22,0.82,0.31,0.0,4.63,1.27,0.56,0.2,0.0,2.21,6.0,1.0,0.0,1.0,0.0,8.0,0.75,0.5366666666666667,0.82,0.31707317073170727,0.6055900621118013,False,,,"Hyme produces oil and gas from sandstone of Early and Middle Jurassic age in the Tilje and Ile Formations. The reservoir lies at a depth of 2,150 metres and has good quality.",The field is produced with pressure support from seawater injection. The production well is equipped with gas lift.,Producing,2015.0,0.839,0.118,0.098,0.0,1.055,0.341,4.0,2.0,1.0,1.0,64.3581595,7.5511965,2160.0,2092.0,2287.0,219.888
42002477,IDUN NORD,nan,0.18,2.96,0.11,0.0,3.35,0.18,2.96,0.11,0.0,3.35,1.0,4.0,0.0,0.0,4.0,5.0,0.2,0.18,0.74,0.0,0.0,False,,,The reservoir contains gas and condensate in sandstone of Middle Jurassic age in the Garn and Not Formations. The reservoir properties are good.,The field will be produced by pressure depletion.,Approved for production,,,,,,,,,,,,,,,,,
42002482,IRPA,nan,0.0,20.13,0.0,0.4,20.53,0.0,20.13,0.0,0.4,20.53,0.0,38.0,1.0,0.0,38.0,39.0,0.02564102564102564,,0.5297368421052632,0.0,,False,,,"The reservoir contains gas in turbiditic sandstone of Late Cretaceous age in the Springar Formation, at a depth of 3,200 metres. The reservoir properties are good.",The field will be produced by pressure depletion.,Approved for production,,,,,,,,,,,,,,,,,
21105675,ISLAY,nan,0.01,0.09,0.0,0.0,0.1,0.0,0.0,0.0,0.0,0.0,0.0,0.0,0.0,0.0,0.0,0.0,,,inf,1.0,,False,,,"Islay produces gas from Middle Jurassic sandstone in the Brent Formation. The reservoir depth is 3,700-3,900 metres.",The field is produced by pressure depletion.,Producing,2013.0,0.002,0.031,0.003,0.0,0.035,0.0,,,,,,,,,,
23384520,IVAR AASEN,NORTH,22.59,4.45,0.75,0.0,28.47,8.01,1.64,0.28,0.0,10.18,46.0,10.0,1.0,7.0,3.0,64.0,0.734375,0.4910869565217391,0.445,0.6314606741573034,0.6454183266932271,False,,,"Ivar Aasen produces oil from sandstone reservoirs. The field consists of the 16/1-9 Ivar Aasen discovery and the small 16/1-7 (West Cable) discovery. The reservoir in the Ivar Aasen discovery consists of fluvial sandstone of Late Triassic to Middle Jurassic age in the Skagerrak and Sleipner Formations and shallow marine sandstone in the Middle Jurassic Hugin Formation. The reservoir lies at a depth of 2,400 metres. It is compartmentalised and has moderate to good quality. Parts of the reservoir have an overlying gas cap. The reservoir in the West Cable discovery is in fluvial sandstone in the Middle Jurassic Sleipner Formation. It lies at a depth of 2,950 metres and has moderate quality.",The Ivar Aasen reservoir is produced by pressure support from water injection. The West Cable reservoir is produced by pressure depletion.,Producing,2018.0,3.074,0.639,0.196,0.0,3.909,1.055,39.0,22.0,9.0,8.0,58.92227748717947,2.1981222307692305,2510.0,2366.0,2945.0,255.518
21613906,JETTE,NORTH,0.43,0.01,0.0,0.0,0.44,0.0,0.0,0.0,0.0,0.0,3.0,0.0,0.0,0.0,0.0,3.0,1.0,0.14333333333333334,inf,1.0,1.0,False,,,"Jette produced oil from sandstone of late Paleocene age in the Heimdal Formation. The reservoir is in a marine fan system at a depth of 2,200 metres.",The field was produced with natural pressure support from the aquifer.,Shut down,2013.0,0.219,0.005,0.0,0.0,0.224,0.035,3.0,2.0,0.0,1.0,59.403660333333335,2.3697026666666665,2103.0,2059.0,2182.0,214.0854
32017325,JOHAN CASTBERG,BARENTS,88.97,0.0,0.0,0.0,88.97,88.97,0.0,0.0,0.0,88.97,175.0,0.0,0.0,0.0,0.0,175.0,1.0,0.5084,,,0.0,False,,,"The reservoirs contain oil with gas caps in three separate sandstone deposits from Late Triassic to Middle Jurassic age in the Tubåen, Nordmela and Stø Formations. The reservoirs are located at depths of 1,350 to 1,900 metres. Reservoir properties in the Tubåen and Stø Formations are generally good; the Nordmela Formation is more heterogeneous with several lateral Barriers.",The field will be produced by pressure support from gas and water injection.  ,Approved for production,,,,,,,,19.0,12.0,7.0,0.0,72.47085557894738,20.248915368421052,1844.0,1283.0,2337.0,187.7192
26376286,JOHAN SVERDRUP,NORTH,401.36,11.41,3.91,0.0,420.2,314.6,8.36,2.54,0.0,327.79,594.0,24.0,0.0,24.0,0.0,642.0,0.9252336448598131,0.6756902356902357,0.47541666666666665,0.2673093777388257,0.21616503886784932,False,,,"The main reservoir contains oil in Upper Jurassic intra-Draupne sandstone and lies at a depth of 1,900 metres. The quality of the main reservoir is excellent with very high permeability. The remaining oil resources are in sandstone in the Upper Triassic Statfjord Group and Middle to Upper Jurassic Vestland Group, as well as in spiculites in the Upper Jurassic Viking Group. Oil was also proven in Permian Zechstein carbonates.","The field is produced by water injection as pressure support, as well as gas lift in the production wells. In the first development phase, production wells are placed centrally, high up in the thickest parts of the reservoirs. The water injection wells are placed near the oil-water contact. The distance between the production and injection wells is typically between four and five kilometres. In the second development phase, production and injection wells will be placed in the less central parts of the field.",Producing,2023.0,30.614,1.009,0.508,0.0,32.131,2.185,71.0,42.0,28.0,1.0,58.82304361971832,2.57963528169014,1911.0,1833.0,2006.0,194.5398
43604,JOTUN,NORTH,23.14,0.88,0.0,0.0,24.02,0.0,0.0,0.0,0.0,0.0,44.0,2.0,0.0,2.0,0.0,48.0,0.9166666666666666,0.5259090909090909,0.44,1.0,1.0,False,,,"Jotun produced oil from sandstone of Paleocene age in the Heimdal Formation. The reservoir lies at 2,000 metres depth in a marine fan system and comprises three structures.",The field was produced by pressure support from the aquifer and with gas lift. Produced water was injected into the Utsira Formation.,Shut down,2000.0,7.166,0.313,0.0,0.0,7.479,0.821,36.0,20.0,5.0,9.0,59.45105180555556,2.366876111111111,2113.0,2050.0,2366.0,215.1034
20460988,KNARR,NORTH,9.6,0.41,0.64,0.0,11.23,0.0,0.0,0.0,0.0,0.0,32.0,4.0,0.0,4.0,0.0,40.0,0.8,0.3,0.1025,1.0,1.0,False,,,"Knarr produced oil from Lower Jurassic sandstone in the Cook Formation. The reservoirs lie at a depth of 3,800 metres and have moderate to good quality.",The field was produced with water injection for pressure maintenance.,Shut down,2016.0,2.734,0.142,0.48,0.0,3.355,0.281,7.0,4.0,3.0,0.0,61.80514085714286,2.7621040000000003,3933.0,3805.0,4044.0,400.37940000000003
1854729,KRISTIN,NORWEGIAN,27.58,35.05,7.53,2.1,79.04,3.07,7.82,1.57,0.0,13.87,70.0,121.0,19.0,0.0,121.0,210.0,0.4238095238095238,0.39399999999999996,0.2896694214876033,0.7768901569186876,0.8886874546773024,True,,,"Kristin produces gas and condensate from Jurassic sandstone in the Garn, Ile and Tofte Formations. The reservoirs are at a depth of 4,600 metres and was initially at high pressure and high temperature (HPHT).",The field is produced by pressure depletion. Low pressure production was implemented in 2014.,Producing,2008.0,4.398,3.94,1.625,0.0,9.963,0.667,22.0,21.0,0.0,1.0,64.9555215,6.464094499999999,4770.0,4665.0,4874.0,485.586
1036101,KVITEBJØRN,NORTH,32.74,103.47,10.44,0.0,156.05,3.21,15.77,1.22,0.0,21.3,0.0,152.0,68.0,0.0,152.0,220.0,0.3090909090909091,,0.6807236842105263,0.8475886730453271,,True,,,"Kvitebjørn produces gas and condensate from Middle Jurassic sandstone in the Brent Group. Secondary reservoirs are in the Lower Jurassic Cook Formation and Upper Triassic Statfjord Group. The reservoirs lie at a depth of 4,000 metres and initially had high pressure and high temperature (HPHT). The reservoir quality is good.",The field is produced by pressure depletion. Gas pre-compression started in 2014 and has increased the gas recovery from the field.,Producing,2012.0,2.483,6.979,0.933,0.0,10.396,0.135,25.0,23.0,1.0,1.0,61.08030508000001,2.4997190000000002,4127.0,1016.0,4498.0,420.1286
43583,LILLE-FRIGG,NORTH,1.76,4.36,0.21,0.02,6.54,0.43,2.17,0.21,0.0,3.0,0.0,7.0,5.0,0.0,7.0,12.0,0.4166666666666667,,0.6228571428571429,0.5022935779816514,,False,,,"The Lille-Frigg field produced gas and condensate from sandstone of Jurassic age in the Brent Group. The reservoir lies at a depth of 3,650 metres.",The field was produced by pressure depletion.,Shut down,1995.0,0.437,0.609,0.0,0.003,1.049,0.0,4.0,4.0,0.0,0.0,59.9654555,2.3887959999999997,3864.0,3833.0,3916.0,393.3552
26465170,MARIA,NORWEGIAN,15.12,1.55,0.94,0.0,18.46,10.33,1.07,0.64,0.0,12.62,47.0,6.0,0.0,6.0,0.0,59.0,0.7966101694915254,0.32170212765957445,0.25833333333333336,0.3096774193548387,0.31679894179894175,False,,,"Maria produces oil and gas from massive sandstone with shale layers in the Middle Jurassic Garn Formation. The reservoir is at a depth of 3,800 metres.",The field is produced by water injection for pressure support. The wells are equipped with gas lift.,Producing,2022.0,1.219,0.107,0.058,0.0,1.385,0.133,13.0,9.0,4.0,0.0,64.95553392307691,6.960646076923077,3803.0,3736.0,3965.0,387.1454
21675447,MARTIN LINGE,NORTH,7.64,18.01,1.47,0.0,28.44,4.72,14.41,1.17,0.0,21.35,22.0,30.0,9.0,1.0,29.0,62.0,0.5,0.34727272727272723,0.6003333333333334,0.19988895058300948,0.38219895287958117,True,,,"Martin Linge produces mainly gas and condensate from sandstone of Middle Jurassic age in the Brent Group. The reservoirs are structurally complex with high pressure and high temperature (HPHT) at depths of 3,700-4,400 metres. In addition, there is oil in the Frigg Formation of Eocene age. The Frigg reservoir is at a depth of 1,750 metres and has good quality.",The gas is produced by pressure depletion. Oil from the Frigg reservoir is produced by natural aquifer drive and gas lift. Some produced water is reinjected.,Producing,2022.0,2.03,2.628,0.276,0.0,4.934,1.123,18.0,14.0,1.0,3.0,60.506217944444444,2.0181533888888894,3078.0,1740.0,4143.0,313.3404
18212090,MARULK,NORWEGIAN,0.63,8.71,0.73,0.0,10.73,0.02,0.68,0.05,0.0,0.8,0.0,13.0,2.0,0.0,13.0,15.0,0.13333333333333333,,0.67,0.9219288174512055,,False,,,"Marulk produces gas from Cretaceous sandstone in the Lysing- and Lange Formations. The reservoirs are located at a depth of 2,800-2,850 metres. Both reservoirs are in turbidite fans and have moderate to good quality.",The field is produced by pressure depletion.,Producing,2015.0,0.104,1.288,0.227,0.0,1.619,0.001,4.0,3.0,0.0,1.0,65.9334625,7.543634,2925.0,2779.0,3265.0,297.765
1630514,MIKKEL,NORWEGIAN,6.09,32.33,8.32,2.25,56.48,0.66,3.65,0.78,0.0,5.79,0.0,47.0,19.0,4.0,43.0,70.0,0.2714285714285714,,0.6878723404255319,0.8871017630683575,,False,,,"Mikkel produces gas and condensate from Jurassic sandstone in the Garn, Ile and Tofte Formations. The field consists of six structures separated by faults, all with good reservoir quality. It has a 300-metre-thick gas/condensate column and a thin underlying oil zone. The reservoir depth is 2,500 metres.",The field is produced by pressure depletion.,Producing,2007.0,0.74,1.85,1.0,0.0,3.59,0.007,4.0,4.0,0.0,0.0,64.67985275,7.67216375,2507.0,2478.0,2535.0,255.2126
43792,MIME,nan,0.37,0.08,0.01,0.0,0.47,0.0,0.0,0.0,0.0,0.0,7.0,2.0,0.0,2.0,0.0,11.0,0.6363636363636364,0.05285714285714286,0.04,1.0,1.0,False,,,"Mime produced oil from sandstone of Late Jurassic age in the Ula Formation. The reservoir depth is 4,200 metres.",The filed was produced by pressure depletion.,Shut down,1991.0,0.162,0.037,0.011,0.0,0.21,0.0,,,,,,,,,,
4966234,MORVIN,NORWEGIAN,9.22,4.26,0.95,0.0,15.29,0.3,0.22,0.05,0.0,0.62,36.0,16.0,0.0,16.0,0.0,68.0,0.5294117647058824,0.2561111111111111,0.26625,0.9483568075117371,0.9674620390455532,True,,,"Morvin produces gas and oil from Jurassic sandstone in the Tilje, Tofte, Ile, Garn and Spekk Formations. The reservoirs lie in a rotated and tilted fault block at a depth of 4,500-4,700 metres. They have high pressure and high temperature (HPHT).",The field is produced by pressure depletion.,Producing,2013.0,1.302,0.967,0.372,0.0,2.641,0.0,4.0,4.0,0.0,0.0,65.14377575,6.48267175,4634.0,4588.0,4674.0,471.7412
42002476,MUNIN,nan,19.49,22.19,5.26,0.0,51.67,19.49,22.19,5.26,0.0,51.67,51.0,40.0,7.0,4.0,36.0,102.0,0.5686274509803921,0.382156862745098,0.5547500000000001,0.0,0.0,False,,,"The reservoirs contain gas and oil mainly in Middle Jurassic sandstone of the Brent Group at depths of 3,200-3,650 metres. The Munin area is geologically complex, and the deposits have varying reservoir and fluid properties.","The deposits will be produced with different recovery strategies. The largest oil deposits will be produced with water injection, while gas deposits and smaller oil deposits will be produced by pressure depletion. Gas lift will also be utilised for oil deposits. ",Approved for production,,,,,,,,,,,,,,,,,
43665,MURCHISON,nan,13.86,0.35,0.32,0.0,14.82,0.0,0.0,0.0,0.0,0.0,27.0,3.0,0.0,3.0,0.0,33.0,0.8181818181818182,0.5133333333333333,0.11666666666666665,1.0,1.0,False,,,Murchison produced oil from sandstone of Middle Jurassic age in the Brent Group.,The field was produced with pressure support from water injection.,Shut down,1984.0,2.863,0.081,0.195,0.0,3.139,0.0,,,,,,,,,,
43751,NJORD,NORWEGIAN,31.66,23.68,6.16,0.0,67.04,4.98,13.56,3.86,0.0,25.87,132.0,49.0,5.0,35.0,14.0,221.0,0.6199095022624435,0.23984848484848484,0.483265306122449,0.4273648648648648,0.8427037271004422,False,,,The pressure decline in the reservoir has been less than anticipated. This has resulted in increased recoverable volumes compared to PDO estimates. Installation of the Åsgard subsea gas compressor has accelerated and prolonged gas production from the field. A stable supply of gas with low CO2 content from the Mikkel field is important for dilution of gas with high CO2 content from the Kristin field in the Åsgard Transport System.,"Initial production strategy was gas injection for pressure support in parts of the reservoir and pressure depletion in the rest of the reservoir. After gas export started in 2007, only minor volumes of gas have been injected. Due to the complex reservoir with many faults, the field has a relatively low recovery factor.",Producing,2000.0,3.921,0.0,0.0,0.0,3.921,0.062,42.0,28.0,10.0,4.0,64.27161754761904,7.199930714285715,2862.0,1105.0,3280.0,291.3516
43568,NORDØST FRIGG,NORTH,0.0,11.59,0.0,0.08,11.67,0.0,0.0,0.0,0.0,0.0,0.0,35.0,0.0,0.0,35.0,35.0,0.0,,0.3311428571428571,1.0,,False,,,"Nordøst Frigg produced gas from sandstone of Eocene age in the Frigg Formation. The reservoir lies at a depth of 1,950 metres. It has pressure communication with the reservoir on the Frigg field via the aquifer.",The field was produced by pressure depletion.,Shut down,1985.0,0.0,2.228,0.0,0.013,2.241,0.0,7.0,7.0,0.0,0.0,59.98534999999999,2.2477,1955.0,1950.0,1959.0,199.019
43778,NORNE,NORWEGIAN,94.67,13.07,1.39,0.0,110.38,2.02,2.25,0.12,0.0,4.5,157.0,30.0,2.0,18.0,12.0,207.0,0.7681159420289855,0.6029936305732484,0.4356666666666667,0.827850038255547,0.9786627231435513,False,,,"Norne produces oil and gas from Jurassic sandstone. Oil is mainly found in the Ile and Tofte Formations, and gas in the Not Formation. The reservoir lies at a depth of 2,500 metres and has good quality.",The field is produced by water injection as the drive mechanism. Gas injection ceased in 2005 and all gas is exported.,Producing,2001.0,11.297,1.085,0.208,0.0,12.591,0.303,58.0,38.0,10.0,9.0,66.02292831034481,8.067207086206896,2683.0,2509.0,3092.0,273.12940000000003
33197696,NOVA,NORTH,11.38,2.26,0.69,0.0,14.95,10.87,2.16,0.66,0.0,14.28,35.0,10.0,0.0,8.0,2.0,53.0,0.660377358490566,0.3251428571428572,0.22599999999999998,0.044247787610619316,0.04481546572934991,False,,,"The reservoir contains oil with a gas cap in sandstone of Late Jurassic age in the Heather Formation of the Viking Group, at a depth of 2,500 metres. The reservoir quality is good.",The field is produced by pressure support from water injection and with gas lift.,Producing,2023.0,0.867,0.0,0.0,0.0,0.867,0.0,9.0,4.0,4.0,1.0,61.28030833333334,3.6657848888888886,2851.0,2718.0,2966.0,290.2318
29412516,ODA,NORTH,4.31,0.18,0.08,0.0,4.64,0.95,0.01,0.02,0.0,1.0,10.0,1.0,0.0,1.0,0.0,12.0,0.8333333333333334,0.43099999999999994,0.18,0.9444444444444444,0.7795823665893271,False,,,"Oda produces oil from sandstone of Late Jurassic age. The main reservoir is in the Ula Formation at a depth of 2,900 metres. The reservoir is steeply dipping and has good quality.",The field is produced by pressure support from water injection.,Producing,2020.0,1.272,0.0,0.026,0.0,1.298,0.112,6.0,5.0,1.0,0.0,57.07308233333334,3.0652728333333332,2760.0,2331.0,3168.0,280.968
43610,ODIN,NORTH,0.0,27.26,0.0,0.22,27.48,0.0,0.0,0.0,0.0,0.0,0.0,37.0,0.0,0.0,37.0,37.0,0.0,,0.7367567567567568,1.0,,False,,,"Odin produced gas from sandstone of Eocene age in the Frigg Formation. The reservoir lies at a depth of 2,000 metres. It has pressure communication with the Frigg reservoir via the aquifer.",The field was produced by pressure depletion. The reservoir had limited water drive compared with the other fields in the Frigg area.,Shut down,1985.0,0.0,3.549,0.0,0.028,3.577,0.0,11.0,11.0,0.0,0.0,60.07693300000001,2.1657499999999996,2094.0,2023.0,2258.0,213.1692
2762452,ORMEN LANGE,NORWEGIAN,0.0,345.25,0.0,19.74,364.99,0.0,94.24,0.0,2.89,97.13,0.0,398.0,37.0,0.0,398.0,435.0,0.08505747126436781,,0.867462311557789,0.727038377986966,,False,,,"Ormen Lange produces very dry gas and small amounts of condensate from Paleocene sandstone in the Egga Formation. The reservoir lies at a depth of 2,700-2,900 metres below sea level and has excellent quality.",The field is produced by pressure depletion.,Producing,2012.0,0.0,22.203,0.0,1.734,23.937,0.0,33.0,28.0,0.0,5.0,63.49582221212121,5.361692545454545,2812.0,2656.0,2997.0,286.2616
43625,OSEBERG,NORTH,400.63,130.99,15.05,0.0,560.22,9.27,57.78,3.22,0.0,73.17,676.0,209.0,36.0,93.0,116.0,1014.0,0.7021696252465484,0.5926479289940828,0.6267464114832536,0.5588976257729599,0.9768614432269176,False,,,"Oseberg produces oil and gas from sandstone of Middle Jurassic age in the Brent Group. The main reservoirs are in the Oseberg and Tarbert Formations, but there is also production from the Etive and Ness Formations. The reservoirs lie at a depth of 2,300-2,700 metres and have generally good reservoir quality. The field is divided into several structures. The satellite structures west of the main structure also produce from the Statfjord Group and Cook Formation.","The Oseberg field is produced by pressure maintenance using gas and water injection, as well as pressure depletion in some structures. Massive upflank gas injection in the main field has provided excellent oil displacement, and a large gas cap has developed. Injection gas was previously imported from Troll Øst (TOGI). Gas blowdown has gradually started in main parts of the field, while other parts are maintaining injection.",Producing,1994.0,29.212,0.0,0.0,0.0,29.212,0.0,285.0,189.0,36.0,59.0,60.531670354385966,2.7910994807017544,2720.0,685.0,4191.0,276.896
43645,OSEBERG SØR,NORTH,71.46,26.91,2.38,0.0,102.89,11.39,13.61,0.78,0.0,26.48,247.0,61.0,1.0,38.0,23.0,347.0,0.7146974063400576,0.28931174089068823,0.44114754098360653,0.49424005945745075,0.8406101315421215,False,,,"Oseberg Sør produces oil and gas from several deposits in sandstone of Jurassic age. The main reservoirs are in the Tarbert and Heather Formations. The reservoirs lie at a depth of 2,200-2,800 metres and have moderate quality.","The field is produced with water and gas injection. In parts of the field, water alternating gas (WAG) injection is being used. Water for injection is produced from the Utsira Formation.",Producing,2003.0,5.06,0.895,0.0,0.0,5.955,0.327,126.0,78.0,25.0,22.0,60.3760294126984,2.804279968253968,2597.0,746.0,3268.0,264.3746
43639,OSEBERG ØST,NORTH,24.26,0.37,0.1,0.0,24.82,1.03,0.01,0.02,0.0,1.08,73.0,6.0,0.0,6.0,0.0,85.0,0.8588235294117647,0.3323287671232877,0.06166666666666667,0.972972972972973,0.9575432811211871,False,,,"Oseberg Øst produces oil from Middle Jurassic sandstone in the Brent Group. The field consists of two structures which are separated by a sealing fault. The structures contain several oil-bearing layers with variable reservoir characteristics. The reservoir lies at a depth of 2,700-3,100 metres.",The field is produced by partial pressure support from both water injection and gas injection. Water for injection is produced from the Utsira Formation.,Producing,2001.0,3.813,0.0,0.0,0.0,3.813,0.332,46.0,30.0,9.0,7.0,60.700516978260886,2.935252673913044,2779.0,816.0,3351.0,282.9022
5506919,OSELVAR,NORTH,0.68,0.4,0.02,0.0,1.12,0.0,0.0,0.0,0.0,0.0,7.0,4.0,4.0,2.0,2.0,17.0,0.6470588235294118,0.09714285714285716,0.1,1.0,1.0,False,,,"Oselvar produced oil and gas from sandstone of Paleocene age in the Forties Formation. The reservoir has a gas cap and lies at a depth of 2,900-3,250 metres. ",The field was produced by pressure depletion.,Shut down,2012.0,0.151,0.0,0.007,0.0,0.158,0.004,3.0,3.0,0.0,0.0,56.931946333333336,2.6713563333333337,3123.0,3118.0,3126.0,317.9214
4467554,REV,NORTH,0.77,2.72,0.05,0.06,3.65,0.01,0.01,0.0,0.0,0.02,0.0,4.0,2.0,0.0,4.0,6.0,0.3333333333333333,,0.68,0.9963235294117647,,False,,,"Rev produces gas and some condensate from intra-Heather sandstone of Late Jurassic age. The reservoir is a simple structure divided into two segments. It surrounds a salt structure at 3,000 metres depth. Reservoir quality is good. Measurements show that the reservoir is in pressure communication with the Varg field.",The field is produced by pressure depletion.,Producing,2010.0,0.291,1.129,0.019,0.025,1.464,0.0,4.0,4.0,0.0,0.0,58.0280855,1.92417425,2868.0,2792.0,3030.0,291.9624
3505505,RINGHORNE ØST,NORTH,14.7,0.27,0.0,0.0,14.97,1.51,0.0,0.0,0.0,1.51,26.0,1.0,0.0,1.0,0.0,28.0,0.9285714285714286,0.5653846153846154,0.27,1.0,0.8972789115646258,False,,,"Ringhorne Øst produces oil with associated gas from Jurassic sandstone in the Statfjord Group. The reservoir lies at a depth of 1,940 metres and has very good quality.","The field is produced by natural water drive from a regional aquifer to the north and east of the structure. The wells have gas lift to optimise production, and this will be expanded due to increasing water production.",Producing,2008.0,1.979,0.035,0.0,0.0,2.015,0.163,7.0,4.0,1.0,2.0,59.26607985714285,2.4498824285714287,1978.0,1922.0,2202.0,201.3604
1630100,SIGYN,NORTH,1.4,7.22,2.86,6.06,20.11,0.35,0.05,0.07,0.0,0.53,16.0,9.0,9.0,3.0,6.0,37.0,0.6756756756756757,0.0875,0.8022222222222222,0.9930747922437673,0.75,False,,,"The Sigyn field produces gas and condensate from two separate deposits, Sigyn West and Sigyn East. Sigyn West contains rich gas and condensate, while Sigyn East contains light oil. Both reservoirs are in Triassic sandstone in the Skagerrak Formation and lie at a depth of 2,700 metres.",Sigyn East is produced with pressure support from gas injection and Sigyn West is produced by pressure depletion.,Producing,2003.0,0.0,0.913,0.611,0.888,2.412,0.006,5.0,5.0,0.0,0.0,58.28495300000001,2.0437646000000003,2591.0,2531.0,2727.0,263.7638
29401178,SINDRE,NORTH,0.1,0.07,0.01,0.0,0.19,0.08,0.05,0.01,0.0,0.15,12.0,5.0,1.0,4.0,1.0,22.0,0.5909090909090909,0.008333333333333333,0.014000000000000002,0.2857142857142857,0.20000000000000007,False,,,"Sindre contains oil in Upper Triassic to Lower Jurassic sandstone in the Lunde Formation, Statfjord Group and Dunlin Group. The main reservoir lies at a depth of 3,100 metres. The reservoir quality is good, but sealing faults reduce communication in the reservoir. Reservoir is also identified in Middle Jurassic sandstone in the Brent Group.","The field is produced by pressure depletion, but rapid pressure decline may necessitate pressure support.",Producing,2023.0,0.005,0.019,0.003,0.0,0.027,0.002,2.0,2.0,0.0,0.0,61.215194,2.274133,2944.0,2820.0,3068.0,299.6992
4704482,SKARV,NORWEGIAN,24.0,69.9,7.88,0.0,108.87,4.58,31.09,3.48,0.0,42.28,61.0,110.0,0.0,8.0,102.0,179.0,0.3407821229050279,0.39344262295081966,0.6354545454545455,0.5552217453505007,0.8091666666666667,False,,,"Skarv produces gas and oil from Lower and Middle Jurassic sandstone in the Tilje, Ile and Garn Formations. The Garn Formation has good reservoir quality, while the Tilje Formation has relatively poor quality. The reservoirs are divided into several fault segments and lie at a depth of 3,300-3,700 metres.",The field is produced with pressure support by gas injection and gas lift.,Producing,2022.0,1.457,6.163,0.832,0.0,8.451,0.397,28.0,19.0,4.0,5.0,65.71939846428572,7.611718928571428,3387.0,2783.0,3858.0,344.7966
2138816,SKIRNE,NORTH,2.38,10.5,0.0,0.0,12.88,0.0,0.0,0.0,0.0,0.0,5.0,15.0,0.0,0.0,15.0,20.0,0.25,0.476,0.7,1.0,1.0,False,,,"Skirne and Byggve produced gas and condensate from Middle Jurassic sandstone in the Brent Group. The Skirne deposit lies at a depth of 2,370 metres and the Byggve deposit at 2,900 metres. The reservoir quality is good.",The field was produced by pressure depletion.,Shut down,2006.0,0.271,1.277,0.0,0.0,1.548,0.0,3.0,2.0,0.0,1.0,59.60657033333333,2.545173333333333,2731.0,2371.0,2921.0,278.0158
31164600,SKOGUL,NORTH,1.97,0.16,0.0,0.0,2.13,0.73,0.04,0.0,0.0,0.77,3.0,0.0,0.0,0.0,0.0,3.0,1.0,0.6566666666666666,inf,0.75,0.6294416243654822,False,,,"The reservoir contains oil with a minor gas cap in reservoir belonging to the Odin Formation. It is located at a depth of 2,100 metres and has excellent Properties.",Skogul is produced by depletion and natural aquifer support.,Producing,2020.0,0.566,0.056,0.0,0.0,0.622,0.072,3.0,2.0,0.0,1.0,59.794072,2.182558,2110.0,2108.0,2110.0,214.798
21350124,SKULD,NORWEGIAN,5.84,0.66,0.1,0.0,6.69,1.06,0.3,0.04,0.0,1.44,23.0,3.0,0.0,2.0,1.0,28.0,0.8214285714285714,0.2539130434782609,0.22,0.5454545454545454,0.8184931506849316,False,,,"Skuld produces oil from sandstone of Early to Middle Jurassic age in the Åre, Tofte and Ile Formations. The field consists of the two deposits Fossekall and Dompap. The reservoirs have small gas caps and lie at a depth of 2,400-2,600 metres. The reservoir quality is moderate to good.",The field is produced with pressure support by water injection. Some of the wells are additionally supplied with gas lift to produce at low reservoir pressure and high water cut.,Producing,2014.0,1.154,0.12,0.046,0.0,1.321,0.171,16.0,8.0,5.0,3.0,66.18361043750001,8.277276749999999,2717.0,2531.0,2989.0,276.5906
43457,SLEIPNER VEST,NORTH,6.56,154.07,10.66,29.74,210.62,1.37,7.99,0.34,0.0,10.01,0.0,187.0,80.0,0.0,187.0,267.0,0.299625468164794,,0.823903743315508,0.9481404556370481,,False,,,"Sleipner Vest produces gas and condensate mainly from Middle Jurassic sandstone in the Hugin Formation. Minor hydrocarbon volumes occur locally in the Sleipner Formation. The reservoir lies at a depth of 3,450 metres and is highly segmented. Faults in the field are generally not sealing and communication between the sand deposits is good.",The field is produced by pressure depletion.,Producing,1999.0,0.0,3.1,1.084,2.379,6.563,0.0,35.0,26.0,0.0,4.0,58.42922397142856,1.7185677714285714,3710.0,3463.0,4005.0,377.678
43478,SLEIPNER ØST,NORTH,0.43,69.43,13.42,26.62,121.98,0.05,0.27,0.01,0.0,0.34,0.0,91.0,77.0,0.0,91.0,168.0,0.4583333333333333,,0.762967032967033,0.9961111911277546,,False,,,"Sleipner Øst produces gas and condensate. The Sleipner Øst and Loke reservoirs are in Paleocene turbidite sandstone in the Ty Formation, Middle Jurassic shallow marine sandstone in the Hugin Formation and in continental sandstone in the Triassic Skagerrak Formation. In addition, gas has been proven in the Heimdal Formation, overlying the Ty Formation. The Ty Formation has good reservoir quality, while the Skagerrak Formation generally has poorer reservoir quality than both Ty and Hugin Formations. The reservoirs are at a depth of 2,300 metres.","The Hugin Formation reservoir is produced by pressure depletion. The reservoir in the Ty Formation was produced by dry gas recycling until 2005, and production from the Ty reservoir stopped in 2012. To optimise production, wells are produced at a reduced inlet pressure.",Producing,2002.0,0.0,13.481,1.734,1.529,16.743,0.096,35.0,25.0,7.0,1.0,58.372939514285726,1.9102876285714285,2577.0,1086.0,4185.0,262.3386
43718,SNORRE,NORTH,302.71,6.65,4.76,0.0,318.4,65.76,0.0,0.0,0.0,65.76,591.0,63.0,0.0,63.0,0.0,717.0,0.8242677824267782,0.5121996615905245,0.10555555555555556,1.0,0.7827623798354861,False,,,"Snorre produces oil from Triassic and Lower Jurassic sandstone in the Alke and Lunde Formations and the Statfjord Group. The field consists of several large fault blocks. The reservoir is at a depth of 2,000-2,700 metres and has a complex structure with both channels and flow barriers.","The field is produced with pressure support from water injection, gas injection and water alternating gas injection (WAG). From 2019, all gas is reinjected to increase oil recovery.",Producing,2003.0,13.598,0.406,0.667,0.0,14.671,7.101,165.0,86.0,73.0,6.0,61.4823124,2.178035248484848,2653.0,1193.0,3168.0,270.0754
2053062,SNØHVIT,BARENTS,0.0,209.72,8.09,24.0,249.09,0.0,142.38,4.84,13.76,165.34,0.0,376.0,44.0,11.0,365.0,431.0,0.10208816705336426,,0.5577659574468085,0.32109479305740984,,False,,,"Snøhvit produces gas with condensate from Lower and Middle Jurassic sandstone in the Nordmela and Stø Formations. The reservoirs lie at a depth of 2,300 metres and have moderate to good quality. Development of a thin oil zone underlying the gas at the Snøhvit structure is not included in the PDO.",The field is produced by pressure depletion.,Producing,2018.0,0.0,6.451,0.579,0.882,7.912,0.026,18.0,14.0,2.0,2.0,71.52133866666665,20.937668888888886,2288.0,1800.0,2772.0,232.9184
34833011,SOLVEIG,NORTH,12.39,2.3,0.87,0.0,16.34,11.96,2.22,0.84,0.0,15.78,40.0,8.0,0.0,6.0,2.0,54.0,0.7407407407407407,0.30975,0.2875,0.03478260869565197,0.03470540758676355,False,,,"Solveig produces oil from sandstone and conglomerate of Triassic and presumably Devonian age. The main reservoir was formed in small basins along the southwestern flank of the South Utsira High. The reservoir contains oil with a small gas cap at a depth of 1,900 metres and has varying quality.",The field is produced by pressure support from water injection.,Producing,2023.0,0.701,0.0,0.0,0.0,0.701,0.024,7.0,3.0,2.0,2.0,58.68267157142857,2.2011344285714283,2057.0,1930.0,2276.0,209.4026
43658,STATFJORD,NORTH,582.85,88.2,24.18,0.93,717.92,5.0,7.79,1.96,0.0,16.51,860.0,154.0,0.0,154.0,0.0,1168.0,0.7363013698630136,0.6777325581395349,0.5727272727272728,0.9116780045351474,0.9914214634983272,False,,,"Statfjord produces oil and associated gas from Jurassic sandstone in the Brent and Statfjord Groups, and in the Cook Formation. The Brent and Statfjord Groups have excellent reservoir quality. The reservoirs lie at a depth of 2,500-3,000 metres in a large fault block tilted towards the west, and in several smaller blocks along the eastern flank.","The field was originally produced by pressure support from water alternating gas injection (WAG), water injection and partially gas injection. Statfjord Late Life entails that all injection now has ceased. To release the solution gas from the remaining oil, depressurisation of the reservoirs started in 2007.",Producing,1992.0,36.989,2.981,1.531,0.0,41.502,0.0,412.0,336.0,69.0,6.0,61.252875580097076,1.8627222888349515,2668.0,2200.0,3169.0,271.6024
43679,STATFJORD NORD,NORTH,44.15,2.33,1.13,0.0,48.63,4.16,0.23,0.06,0.0,4.5,73.0,5.0,0.0,5.0,0.0,83.0,0.8795180722891566,0.6047945205479451,0.466,0.9012875536480687,0.9057757644394111,False,,,"Statfjord Nord produces oil from Middle Jurassic sandstone in the Brent Group and Upper Jurassic sandstone in the Munin Formation. The reservoirs lie at a depth of 2,600 metres and are of good quality.",The field is produced with pressure maintenance from water injection.,Producing,1997.0,3.935,0.173,0.092,0.0,4.2,0.0,20.0,15.0,5.0,0.0,61.44165865,1.9349072000000003,2800.0,2616.0,3036.0,285.04
43672,STATFJORD ØST,NORTH,40.75,5.64,2.43,0.0,51.01,3.15,1.0,0.27,0.0,4.66,65.0,9.0,0.0,9.0,0.0,83.0,0.7831325301204819,0.6269230769230769,0.6266666666666666,0.8226950354609929,0.9226993865030675,False,,,"Statfjord Øst produces oil from Middle Jurassic sandstone in the Brent Group. The reservoir has good quality and lies at 2,400 metres depth.",The field was originally produced with water injection but is now produced by pressure depletion.,Producing,1998.0,4.236,0.246,0.13,0.0,4.612,0.0,24.0,20.0,4.0,0.0,61.333108416666676,1.9798270833333333,2557.0,2415.0,2781.0,260.3026
22507971,SVALIN,NORTH,10.55,0.0,0.0,0.0,10.55,3.31,0.0,0.0,0.0,3.31,16.0,1.0,0.0,1.0,0.0,18.0,0.8888888888888888,0.659375,0.0,,0.6862559241706161,False,,,"Svalin produces oil and associated gas from massive sandstone of Paleocene to early Eocene age in the Heimdal and Balder Formations. The reservoirs are in marine fan deposits and have excellent quality. They lie at a depth of 1,750 metres.",The field is produced by pressure depletion and with pressure support from a regional aquifer.,Producing,2015.0,1.961,0.0,0.0,0.0,1.961,0.422,14.0,8.0,0.0,6.0,59.151039285714276,2.436613428571429,1699.0,1160.0,1807.0,172.9582
104718,SYGNA,NORTH,11.53,0.0,0.0,0.0,11.53,0.47,0.0,0.0,0.0,0.47,21.0,1.0,0.0,1.0,0.0,23.0,0.9130434782608695,0.549047619047619,0.0,,0.9592367736339983,False,,,"Sygna produces oil from Middle Jurassic sandstone in the Brent Group. The reservoir lies at a depth of 2,650 metres and has good quality.",The field is produced by pressure maintenance from water injection.,Producing,2001.0,2.55,0.0,0.0,0.0,2.55,0.0,5.0,5.0,0.0,0.0,61.46708639999999,1.9921024000000003,2760.0,2708.0,2819.0,280.968
42002480,SYMRA,nan,6.05,1.0,0.3,0.0,7.62,6.05,1.0,0.3,0.0,7.62,32.0,4.0,0.0,4.0,0.0,40.0,0.8,0.1890625,0.25,0.0,0.0,False,,,"The reservoirs contain oil in the Zechstein Group of Permian age and in the underlying basement rocks. In addition, oil was proven in intra Heather sandstone of Middle Jurassic age. The reservoirs lie at a depth of 1,800 metres and have varied properties.",The field will be produced by pressure depletion. Pressure support by water injection will also be considered.,Approved for production,,,,,,,,,,,,,,,,,
1028599,TAMBAR,NORTH,11.96,2.58,0.26,0.0,15.03,0.42,0.09,0.01,0.0,0.53,41.0,10.0,0.0,10.0,0.0,61.0,0.6721311475409836,0.29170731707317077,0.258,0.9651162790697675,0.9648829431438127,False,,,Tambar produces oil from Upper Jurassic shallow marine sandstone in the Ula Formation. The reservoir lies at a depth of 4100-4200 metres and has generally very good characteristics.,"The field is produced by pressure depletion, with natural gas expansion combined with aquifer support. Gas lift is used to improve production performance.",Producing,2002.0,1.726,0.0,0.087,0.0,1.814,0.005,7.0,6.0,0.0,1.0,56.98276871428572,2.958766428571429,4259.0,4154.0,4336.0,433.5662
4999528,TAMBAR ØST,NORTH,0.32,0.02,0.01,0.0,0.36,0.0,0.0,0.0,0.0,0.0,8.0,1.0,0.0,1.0,0.0,10.0,0.8,0.04,0.02,1.0,1.0,False,,,"Tambar Øst produces oil and some gas from shallow marine sandstone of Late Jurassic age in the Farsund Formation. The reservoir lies at a depth of 4,050-4,200 metres and has varying quality.",The field is produced by pressure depletion and limited aquifer drive.,Producing,,,,,,,,2.0,1.0,0.0,1.0,56.982769,2.958797,4198.0,4145.0,4250.0,427.3564
40867462,TOMMELITEN A,NORTH,5.79,14.85,0.37,0.0,21.34,5.79,14.85,0.37,0.0,21.34,0.0,23.0,34.0,0.0,23.0,57.0,0.5964912280701754,,0.6456521739130434,0.0,,False,,,The reservoir contains gas condensate and volatile oil in chalk in the Paleocene Ekofisk Formation and Upper Cretaceous Tor Formation at a depth of about 3000 metres. The reservoir qualities vary across both formations and are affected by faults and fractures.,The field is being produced by pressure depletion.,Producing,,,,,,,,14.0,12.0,0.0,2.0,56.404925428571424,2.897859142857143,,,,
43444,TOMMELITEN GAMMA,NORTH,3.87,9.69,0.57,0.0,14.64,0.0,0.0,0.0,0.0,0.0,12.0,15.0,0.0,15.0,0.0,42.0,0.2857142857142857,0.3225,0.646,1.0,1.0,False,,,"Tommeliten Gamma produced gas and condensate from fractured chalk of Late Cretaceous age in the Tor Formation and of early Paleocene age in the Ekofisk Formation. The reservoir lies at a depth of 3,500 metres.",The field was produced by pressure depletion.,Shut down,1990.0,0.691,1.25,0.184,0.0,2.125,0.0,7.0,7.0,0.0,0.0,56.49214371428572,2.924256857142857,3340.0,3213.0,3447.0,340.012
43520,TOR,NORTH,31.21,11.6,1.4,0.0,45.47,5.22,0.56,0.18,0.0,6.12,151.0,40.0,0.0,40.0,0.0,231.0,0.6536796536796536,0.2066887417218543,0.29,0.9517241379310345,0.8327459147709068,False,,,"The reservoir contains oil and gas in fractured chalk of Late Cretaceous age in the Tor Formation and of early Paleocene age in the Ekofisk Formation. There are significant remaining resources in both formations. The reservoir depth is 3,200 metres.",The field is produced by natural pressure depletion.,Producing,1979.0,4.526,1.157,0.14,0.0,5.823,0.0,33.0,27.0,2.0,4.0,56.64133093939393,3.3188802424242425,3250.0,3114.0,3534.0,330.85
43725,TORDIS,NORTH,69.93,4.98,1.9,0.0,78.52,5.12,0.22,0.09,0.0,5.51,123.0,14.0,0.0,14.0,0.0,151.0,0.8145695364238411,0.5685365853658537,0.35571428571428576,0.9558232931726908,0.9267839267839268,False,,,"Tordis produces oil from Jurassic sandstone. The reservoirs in Tordis and Tordis Øst are in the Brent and Statfjord Groups, and the reservoir in Borg is in Upper Jurassic intra-Draupne Formation sandstone. The reservoir in Tordis Sørøst is in the Brent Group and in Upper Jurassic sandstone. The reservoirs lie at a depth of 2000-2500 metres and the reservoir quality is good to excellent.",The field is produced by pressure support from water injection and by natural aquifer drive.,Producing,2001.0,4.754,0.336,0.323,0.0,5.413,1.103,34.0,20.0,8.0,6.0,61.2767065,2.1214364705882356,2306.0,1083.0,3007.0,234.7508
29396445,TRESTAKK,NORWEGIAN,6.14,1.66,0.43,0.0,8.62,2.65,1.66,0.43,0.0,5.13,28.0,6.0,0.0,6.0,0.0,40.0,0.7,0.21928571428571428,0.27666666666666667,0.0,0.5684039087947883,False,,,"Trestakk produces oil from shallow marine sandstone of Middle Jurassic age in the Garn Formation. The reservoir lies at a depth of 3,900 metres and has moderate quality.",The Field is produced by gas injection.,Producing,2021.0,1.024,0.0,0.0,0.0,1.024,0.033,10.0,6.0,2.0,2.0,64.8570853,6.822445500000001,4005.0,3921.0,4234.0,407.709
46437,TROLL,NORTH,296.11,1436.56,20.67,1.52,1773.46,5.54,644.67,7.82,0.0,665.07,664.0,1663.0,86.0,38.0,1625.0,2451.0,0.30599755201958384,0.4459487951807229,0.8638364401683704,0.551240463329064,0.9812907365506062,False,,,"Troll contains very large amounts of gas resources and is also one of the largest oil producing fields on the Norwegian continental shelf. The field has two main structures: Troll Øst and Troll Vest. About two-thirds of the recoverable gas reserves lie in Troll Øst. The gas and oil reservoirs in the Troll Øst and Troll Vest structures consist primarily of shallow marine sandstone of Late Jurassic age in the Sognefjord Formation. Part of the reservoir is also in the underlying Fensfjord Formation of Middle Jurassic age. The field consists of three relatively large rotated fault blocks. The eastern fault block constitutes Troll Øst. The reservoir depth at Troll Øst is 1,330 metres. Pressure communication between Troll Øst and Troll Vest has been proven. Originally, the oil column in Troll Øst was mapped to be 0-4 metres thick. A well drilled in 2007 proved an oil column of 6-9 metres in the Fensfjord Formation in the northern segment of Troll Øst. The Troll Vest oil province originally had a 22 to 26-metre-thick oil column under a small gas cap, located at a depth of 1,360 metres. The Troll Vest gas province originally had an oil column of 12-14 metres under a gas column of up to 200 metres. The oil column is now reduced to a thickness of only 1 to 5 metres. A significant volume of residual oil is encountered directly below the Troll Vest oil column.","The gas in Troll Øst is recovered by pressure depletion through 39 wells drilled from Troll A. The oil in Troll Vest is produced from long horizontal wells, which penetrate the thin oil zone directly above the oil-water contact. The recovery strategy is based primarily on pressure depletion, but this is accompanied by a simultaneous expansion of both the gas cap above the oil zone and the underlying water zone. Some gas is also reinjected. Produced water was reinjected into the northern part of the Troll Vest oil province from 2000 to 2016.",Producing,2003.0,20.821,26.169,0.0,1.512,48.502,21.917,766.0,681.0,6.0,78.0,60.81460566579634,3.569344981723238,1568.0,1407.0,2330.0,159.6224
18081500,TRYM,NORTH,1.76,4.31,0.0,0.0,6.07,0.08,0.59,0.0,0.0,0.67,0.0,6.0,4.0,0.0,6.0,10.0,0.4,,0.7183333333333333,0.8631090487238979,,False,,,"Trym produces gas and condensate from Middle Jurassic sandstone in the Sandnes Formation. The reservoir is located at a depth of 3,400 metres and has good quality.","The field is produced by pressure depletion. A low-pressure project was started in 2017 and is expected to accelerate production, thus increasing final recovery.",Producing,2012.0,0.369,0.643,0.0,0.0,1.012,0.0,3.0,2.0,0.0,1.0,56.38189533333334,4.237491333333334,3495.0,3414.0,3613.0,355.791
853376,TUNE,NORTH,3.48,18.91,0.14,0.0,22.66,0.01,0.08,0.0,0.0,0.09,2.0,22.0,11.0,0.0,22.0,35.0,0.37142857142857144,1.74,0.8595454545454545,0.9957694341618192,0.9971264367816092,False,,,"Tune produces gas and some condensate mainly from Middle Jurassic sandstone in the Tarbert Formation (Brent Group). The reservoir is divided into several inclined fault blocks and lies at a depth of 3,400 metres. Another reservoir is in the underlying Statfjord Formation.",The field is produced by pressure depletion. Low-pressure production has been implemented.,Producing,2004.0,0.958,3.972,0.046,0.0,4.976,0.041,10.0,6.0,0.0,4.0,60.47057709999999,2.6478998000000002,3575.0,3414.0,3787.0,363.935
3960848,TYRIHANS,NORWEGIAN,35.21,45.16,7.19,0.0,94.03,2.2,21.6,3.06,0.0,29.61,68.0,73.0,19.0,17.0,56.0,177.0,0.4915254237288136,0.5177941176470588,0.6186301369863013,0.5217006200177148,0.937517750639023,False,,,"Tyrihans produces oil, gas and condensate from two deposits: Tyrihans Sør and Tyrihans Nord. Tyrihans Sør has an oil column with a condensate-rich gas cap. Tyrihans Nord contains gas and condensate with a thin oil zone. The main reservoir in both deposits is in the Middle Jurassic Garn Formation at a depth of 3500 metres. The reservoirs are homogenous and of good quality. In addition, one well produces oil from the Ile Formation.",Tyrihans has earlier been produced with pressure support by water and gas injection. The main recovery strategy now is pressure depletion and gas cap expansion.,Producing,2017.0,1.567,3.167,0.951,0.0,5.685,1.151,42.0,28.0,3.0,11.0,64.83410795238095,7.03881057142857,3704.0,3616.0,3991.0,377.0672
42002471,TYRVING,NORTH,4.3,0.0,0.0,0.0,4.3,4.3,0.0,0.0,0.0,4.3,10.0,0.0,0.0,0.0,0.0,10.0,1.0,0.43,,,0.0,False,,,"The reservoirs contain oil in sandstone of Paleocene age in the Heimdal Formation, at depths of 2,140 and 2,180 metres. The reservoir properties are excellent.",The drainage strategy is pressure depletion with aquifer support. ,Approved for production,,,,,,,,2.0,2.0,0.0,0.0,59.610718000000006,2.39705,,,,
43800,ULA,NORTH,77.65,3.85,3.03,0.0,87.26,1.0,0.0,0.04,0.0,1.08,171.0,14.0,6.0,14.0,0.0,205.0,0.8634146341463415,0.45409356725146205,0.275,1.0,0.9871216999356085,False,,,Ula produces oil mainly from sandstone in the Upper Jurassic Ula Formation. The reservoir lies at a depth of 3345 metres and consists of three units. There is also production from part of the underlying Triassic reservoir at a depth of 3450 metres. This is a tight sandstone reservoir with low effective permeability.,"Oil was initially recovered by pressure depletion, but after some years water injection was implemented to improve recovery. Water alternating gas injection (WAG) started in 1998. The WAG program has been extended with gas from the tied-in Tambar, Blane and Oda fields. Gas lift is used in some of the wells.",Producing,1993.0,7.346,0.472,0.517,0.0,8.335,0.0,49.0,31.0,15.0,2.0,57.11147355102042,2.847479387755102,3594.0,3348.0,3821.0,365.8692
2834734,URD,NORWEGIAN,9.12,0.3,0.03,0.0,9.48,1.38,0.0,0.0,0.0,1.38,49.0,3.0,0.0,3.0,0.0,55.0,0.8909090909090909,0.18612244897959182,0.09999999999999999,1.0,0.8486842105263158,False,,,"Urd produces oil from Lower to Middle Jurassic sandstone in the Åre, Tilje and Ile Formations. The field is structurally complex and segmented. The reservoirs lie at depths of 1,800-2,300 metres and have moderate to good quality.",The field is produced by water injection and gas lift.,Producing,2006.0,2.045,0.069,0.018,0.0,2.132,0.351,21.0,11.0,8.0,2.0,66.07110666666665,8.23119180952381,2088.0,1699.0,2761.0,212.5584
28975098,UTGARD,NORTH,0.89,0.93,0.15,0.0,2.11,0.13,0.13,0.01,0.0,0.28,0.0,5.0,6.0,0.0,5.0,11.0,0.5454545454545454,,0.186,0.8602150537634409,,False,,,"Utgard produces gas with high CO2 content and some condensate mainly from sandstone of Middle Jurassic age in the Hugin Formation. Minor hydrocarbon volumes occur in the Sleipner Formation. The field consists of two main segments which are in pressure communication via the aquifer. The reservoir lies at a depth of 3,700 metres.",Utgard is produced by pressure depletion.,Producing,2020.0,0.327,0.316,0.123,0.0,0.767,0.131,3.0,3.0,0.0,0.0,58.366695,1.550542,3936.0,3745.0,4126.0,400.6848
1578893,VALE,NORTH,2.83,2.73,0.0,0.0,5.56,0.06,0.06,0.0,0.0,0.12,0.0,8.0,10.0,0.0,8.0,18.0,0.5555555555555556,,0.34125,0.978021978021978,,False,,,"Vale produced gas and condensate from Middle Jurassic sandstone in the Brent Group. The reservoir lies at a depth of 3,700 metres and has low permeability.",The field was produced by pressure depletion.,Shut down,2015.0,0.267,0.292,0.0,0.0,0.56,0.0,2.0,2.0,0.0,0.0,59.706231,2.310508,3825.0,3767.0,3883.0,389.385
20460969,VALEMON,NORTH,2.44,16.65,0.23,0.0,19.53,0.58,3.55,0.12,0.0,4.36,0.0,61.0,13.0,0.0,61.0,74.0,0.17567567567567569,,0.27295081967213114,0.7867867867867868,,False,,,"Valemon produces gas and condensate from Lower Jurassic sandstone in the Cook Formation and Middle Jurassic sandstone in the Brent Group. The deposit has a complex structure with many fault blocks. The reservoirs lie at a depth of 3,900-4,200 metres and have high temperature and high pressure (HTHP).",The field is produced by pressure depletion.,Producing,2016.0,0.451,2.846,0.012,0.0,3.308,0.111,22.0,19.0,2.0,1.0,61.040785818181824,2.338878363636363,3729.0,876.0,4612.0,379.61220000000003
43548,VALHALL,NORTH,158.75,30.89,6.02,0.0,201.08,34.26,6.83,0.95,0.0,42.9,435.0,89.0,0.0,89.0,0.0,613.0,0.7096247960848288,0.3649425287356322,0.34707865168539326,0.7788928455810942,0.7841889763779528,False,,,Valhall produces oil from chalk in the Upper Cretaceous Hod and Tor Formations. Reservoir depth is 2400 metres. The Tor Formation chalk is fine-grained and has good reservoir quality. Considerable fracturing allows oil and water to flow more easily than in the underlying Hod Formation.,The field was initially produced with pressure depletion and compaction drive. Water injection in the centre of the field started in 2004. Chalk compaction as a result of pressure depletion and water weakening has led to seabed subsidence. Gas lift is used to optimise production in most of the production wells.,Producing,1999.0,5.31,1.036,0.258,0.0,6.605,0.0,198.0,162.0,16.0,20.0,56.27532774242425,3.3919251212121213,2452.0,305.0,2936.0,249.6136
43451,VARG,NORTH,16.33,0.3,0.02,0.02,16.69,0.0,0.0,0.0,0.0,0.0,43.0,5.0,0.0,5.0,0.0,53.0,0.8113207547169812,0.37976744186046507,0.06,1.0,1.0,False,,,"Varg produced oil mainly from Upper Jurassic sandstone in the Ula Formation. The reservoir is at a depth of about 2,700 metres. The structure is segmented and includes several isolated compartments with varying reservoir properties.",The field was produced with pressure maintenance using water and gas injection. The smaller structures were produced by pressure depletion. All wells were produced with gas lift.,Shut down,1999.0,1.743,0.0,0.0,0.0,1.743,0.0,35.0,27.0,8.0,0.0,58.07791157142857,1.8904775428571432,3006.0,2739.0,3378.0,306.0108
4467595,VEGA,NORTH,11.12,26.9,6.44,0.0,50.26,2.54,10.26,1.91,0.0,16.43,4.0,51.0,34.0,2.0,49.0,91.0,0.4175824175824176,2.78,0.5274509803921569,0.6185873605947956,0.7715827338129496,False,,,"Vega produces gas and condensate from Middle Jurassic shallow marine sandstone in the Brent Group. Vega Sør additionally has an oil zone overlying the gas/condensate deposit. The reservoirs lie at a depth of 3500 metres, and the quality varies from poor to medium across the field.",The field is produced by pressure depletion.,Producing,2014.0,1.183,1.666,1.052,0.114,4.015,0.02,13.0,11.0,0.0,2.0,61.23802461538462,3.399754615384616,3609.0,3408.0,4113.0,367.3962
42002481,VERDANDE,nan,4.7,0.89,0.05,0.0,5.69,4.7,0.89,0.05,0.0,5.69,39.0,6.0,0.0,4.0,2.0,49.0,0.7959183673469388,0.12051282051282051,0.14833333333333334,0.0,0.0,False,,,The reservoir contains oil and gas in sandstone of Cretaceous age in the Lange Formation. The reservoir properties are good.,The field will be produced by pressure depletion.,Approved for production,,,,,,,,,,,,,,,,,
43618,VESLEFRIKK,NORTH,55.34,4.19,1.81,0.0,62.97,0.0,0.0,0.0,0.0,0.0,121.0,21.0,3.0,17.0,4.0,162.0,0.7654320987654321,0.4573553719008265,0.19952380952380955,1.0,1.0,False,,,"Veslefrikk produced oil and some gas from Jurassic sandstone in the Statfjord, Dunlin and Brent Groups. The main reservoir was in the Brent Group. The reservoir depths are between 2800 and 3200 metres.",Veslefrikk had earlier been produced with pressure support from water alternating gas injection (WAG) in the Brent and Dunlin reservoirs and with gas recycling in the Statfjord reservoir. The field was subsequently produced by depletion until shut-in.,Shut down,1995.0,4.458,0.408,0.257,0.0,5.122,0.0,68.0,43.0,21.0,4.0,60.78274010294118,2.8978582794117647,3134.0,2689.0,4105.0,319.0412
43513,VEST EKOFISK,NORTH,12.15,25.97,1.43,0.0,40.84,0.0,0.0,0.0,0.0,0.0,85.0,45.0,0.0,45.0,0.0,175.0,0.4857142857142857,0.14294117647058824,0.5771111111111111,1.0,1.0,False,,,"Vest Ekofisk produced oil and gas from fractured chalk of Late Cretaceous age in the Tor Formation and of early Paleocene age in the Ekofisk Formation. The reservoir lies at a depth of 3,200 metres on a salt dome.",The field was produced by pressure depletion.,Shut down,1978.0,3.847,4.346,0.0,0.0,8.193,0.0,19.0,19.0,0.0,0.0,56.56307357894737,3.08570947368421,3372.0,3320.0,3781.0,343.2696
43732,VIGDIS,NORTH,76.26,1.71,1.39,0.0,80.61,9.12,0.0,0.0,0.0,9.12,154.0,13.0,0.0,13.0,0.0,180.0,0.8555555555555555,0.49519480519480524,0.13153846153846155,1.0,0.8804091266719118,False,,,"Vigdis produces oil from sandstone in several deposits. The reservoir in the Vigdis Brent deposit is in the Middle Jurassic Brent Group, while the Vigdis Øst and Vigdis Nordøst deposits are in Upper Triassic and Lower Jurassic sandstone in the Statfjord Group. The Borg Nordvest deposit is in Upper Jurassic intra-Draupne sandstone. The reservoirs are at a depth of 2200-2600 metres and have generally good quality.",The field is produced by pressure support using water injection. Some of the reservoirs are affected by pressure depletion on the Statfjord field.,Producing,1999.0,5.109,0.0,0.0,0.0,5.109,0.0,52.0,30.0,14.0,8.0,61.37440715384616,2.1003837307692304,2537.0,2345.0,3088.0,258.2666
3392471,VILJE,NORTH,15.38,0.0,0.0,0.0,15.38,1.87,0.0,0.0,0.0,1.87,24.0,1.0,0.0,1.0,0.0,26.0,0.9230769230769231,0.6408333333333334,0.0,,0.8784135240572172,False,,,"Vilje produces oil from turbidite sandstone of Paleocene age in the Heimdal Formation. The reservoir has good properties and lies in a fan system at a depth of 2,150 metres.",The field is produced by natural water drive from the regional underlying Heimdal aquifer.,Producing,2010.0,1.783,0.083,0.0,0.0,1.866,0.001,8.0,4.0,0.0,4.0,59.656370499999994,2.2784042500000004,2184.0,2099.0,2244.0,222.3312
43745,VISUND,NORTH,42.29,62.54,7.53,0.0,119.14,4.07,23.29,2.82,0.0,32.72,91.0,117.0,41.0,26.0,91.0,275.0,0.48,0.4647252747252747,0.5345299145299145,0.6275983370642788,0.9037597540789785,False,,,"Visund produces oil and gas from sandstone of Late Triassic and Early Jurassic age in the Lunde Formation and Statfjord Group, and of Middle Jurassic age in the Brent Group. The reservoirs are in several tilted fault blocks with varying pressure and liquid systems. The reservoirs lie at a depth of 2,900-3,000 metres. Reservoir quality is generally good in the main reservoirs.","The field is mainly produced by pressure depletion, and partly with pressure support from water injection. Gas has earlier also been injected in some segments, but increased gas export since 2015 has reduced gas available for injection. Gas injection has been terminated in 2021.",Producing,2021.0,1.019,5.498,0.587,0.0,7.105,1.847,78.0,52.0,8.0,17.0,61.382379294871775,2.484309076923076,2904.0,1147.0,3470.0,295.6272
20461008,VISUND SØR,NORTH,2.9,5.68,0.79,0.0,10.08,0.27,0.35,0.05,0.0,0.72,13.0,12.0,4.0,3.0,9.0,32.0,0.53125,0.22307692307692306,0.47333333333333333,0.9383802816901409,0.906896551724138,False,,,"Visund Sør produces oil and gas from Middle Jurassic sandstone in the Brent Group. The reservoir depth is 2,800-2,900 metres.",The field is produced by pressure depletion.,Producing,2015.0,0.638,0.775,0.207,0.0,1.62,0.374,8.0,5.0,0.0,3.0,61.30054225,2.3637876249999996,2892.0,2838.0,2997.0,294.4056
4380167,VOLUND,NORTH,12.57,1.56,0.0,0.0,14.13,0.78,0.04,0.0,0.0,0.82,22.0,4.0,0.0,2.0,2.0,28.0,0.7857142857142857,0.5713636363636364,0.39,0.9743589743589743,0.9379474940334129,False,,,"Volund produces oil from Paleocene sandstone in the Hermod Formation. The deposit is a unique injectite trap. The sand was remobilised in the early Eocene and injected into the overlying Balder Formation. The reservoir lies at a depth of 2,000 metres and has excellent quality.",The field is produced with significant pressure support from the aquifer and with injection of produced water delivered from the Alvheim FPSO.,Producing,2012.0,1.99,0.181,0.0,0.0,2.171,0.064,25.0,16.0,1.0,8.0,59.49560812,1.9660388,1999.0,1815.0,2298.0,203.4982
3420717,VOLVE,NORTH,10.17,0.81,0.16,0.09,11.37,0.0,0.0,0.0,0.0,0.0,19.0,3.0,0.0,3.0,0.0,25.0,0.76,0.5352631578947369,0.27,1.0,1.0,False,,,"Volve produced oil from sandstone of Middle Jurassic age in the Hugin Formation. The reservoir is at a depth of 2,700-3,100 metres. The western part of the structure is heavily faulted and communication across the faults is uncertain.",The field was produced with water injection for pressure support.,Shut down,2009.0,2.717,0.297,0.116,0.035,3.165,0.273,22.0,10.0,3.0,9.0,58.44160995454545,1.8874898181818187,2809.0,958.0,3345.0,285.9562
43807,YME,NORTH,17.2,0.0,0.0,0.0,17.2,8.71,0.0,0.0,0.0,8.71,55.0,3.0,0.0,3.0,0.0,61.0,0.9016393442622951,0.3127272727272727,0.0,,0.4936046511627906,False,,,"The reservoir contains oil in two separate main structures, Gamma and Beta. The structures comprise six deposits. The reservoirs are in sandstone of Middle Jurassic age in the Sandnes Formation, at a depth of 3,150 metres. They are heterogeneous and have variable reservoir Properties.",The field is produced by pressure support from partial water injection and water alternating gas (WAG) injection.,Producing,1997.0,1.98,0.0,0.0,0.0,1.98,0.0,39.0,29.0,9.0,1.0,57.799931358974355,4.481922615384616,3176.0,780.0,3598.0,323.3168
4973114,YTTERGRYTA,NORWEGIAN,0.29,1.81,0.34,0.0,2.75,0.0,0.0,0.0,0.0,0.0,0.0,7.0,1.0,0.0,7.0,8.0,0.125,,0.25857142857142856,1.0,,False,,,"Yttergryta produced gas from sandstone of Middle Jurassic age in the Fangst Group. The reservoir is at a depth of 2,400-2,500 metres.",The field was produced by pressure depletion.,Shut down,2013.0,0.003,0.448,0.169,0.0,0.62,0.0,1.0,1.0,0.0,0.0,65.111594,7.509225,2461.0,2461.0,2461.0,250.5298
38542241,ÆRFUGL NORD,NORWEGIAN,0.3,3.02,0.32,0.0,3.93,0.18,1.91,0.21,0.0,2.49,1.0,6.0,0.0,0.0,6.0,7.0,0.14285714285714285,0.3,0.5033333333333333,0.3675496688741722,0.4,False,,,The reservoir contains gas and condensate in sandstone of Cretaceous age in the Lysing Formation. It has good properties and lies at a depth of 2800 metres.,The field is produced by depletion.,Producing,2022.0,0.072,0.667,0.07,0.0,0.809,0.003,2.0,1.0,0.0,1.0,65.917817,7.720978,2860.0,2850.0,2870.0,291.148
42002484,ØRN,nan,0.36,8.61,0.29,0.0,9.52,0.36,8.61,0.29,0.0,9.52,0.0,11.0,0.0,0.0,11.0,11.0,0.0,,0.7827272727272727,0.0,,False,,,The reservoir contains gas and condensate in sandstone of Middle Jurassic age in the Garn and Not Formations. The reservoir properties are good.,The field will be produced by pressure depletion.,Approved for production,,,,,,,,,,,,,,,,,
43576,ØST FRIGG,NORTH,0.0,9.22,0.0,0.07,9.29,0.0,0.0,0.0,0.0,0.0,0.0,21.0,0.0,0.0,21.0,21.0,0.0,,0.4390476190476191,1.0,,False,,,"Øst Frigg produced gas from sandstone of Eocene age in the Frigg Formation. The reservoir lies at a depth of 1900 metres and has excellent quality. The field contains two separate structures, which are part of the same pressure system as the Frigg field.",The field was produced by pressure depletion.,Shut down,1991.0,0.0,1.563,0.0,0.013,1.576,0.0,5.0,5.0,0.0,0.0,59.907710599999994,2.3634608,2162.0,1925.0,2460.0,220.0916
43765,ÅSGARD,NORWEGIAN,108.45,242.0,43.52,17.11,450.25,5.52,31.73,5.67,0.0,48.02,192.0,393.0,202.0,57.0,336.0,844.0,0.466824644549763,0.56484375,0.6157760814249363,0.8688842975206612,0.9491009681881051,False,,,"Åsgard produces gas and considerable amounts of condensate from Jurassic sandstone at depths of as much as 4850 metres. The reservoir quality varies in the different formations, and there are large variations in the reservoir properties between the three deposits. The Smørbukk deposit is in a rotated fault block and contains gas, condensate and oil in the Åre, Tilje, Tofte, Ile and Garn Formations. The Smørbukk Sør deposit contains oil, gas and condensate in the Tilje, Ile and Garn Formations. The Midgard gas deposits are divided into four structural segments with the main reservoir in the Ile and Garn Formations.",Smørbukk is produced partly by pressure depletion and partly by injection of excess gas from the field. Smørbukk Sør is produced by pressure support from gas injection. Midgard is produced by pressure depletion.,Producing,2003.0,6.944,10.073,3.526,4.329,24.872,0.295,103.0,82.0,14.0,7.0,65.07522107766991,6.906084640776698,4113.0,2334.0,4955.0,418.7034
23395946,AASTA HANSTEEN,NORWEGIAN,0.0,59.48,0.0,1.11,60.59,0.0,26.06,0.0,0.4,26.46,0.0,84.0,1.0,0.0,84.0,85.0,0.011764705882352941,,0.7080952380952381,0.5618695359784802,,False,,,"The main reservoirs contain gas in Upper Cretaceous sandstone in the Nise Formation, at a depth of 3000 metres. The reservoir quality is good.",The field is produced by pressure depletion and natural aquifer drive.,Producing,2021.0,0.0,8.92,0.0,0.172,9.092,0.019,8.0,8.0,0.0,0.0,67.06136950000001,6.985223125,2899.0,2499.0,3204.0,295.1182
